target,variant_name,split,omega_normalized,n_mutations,mutation_string
1EGJ_HLA,A:E366D;A:H367W;A:H395N,steer,0.00021,3,A:E366D;A:H367W;A:H395N
1EGJ_HLA,A:E366D;A:H367W;A:H395S,steer,0.00021,3,A:E366D;A:H367W;A:H395S
1EGJ_HLA,A:E366D;A:H367W;A:H395T,steer,0.00021,3,A:E366D;A:H367W;A:H395T
1EGJ_HLA,A:E366Q;A:H367W;A:H395T,steer,0.00021,3,A:E366Q;A:H367W;A:H395T
1EGJ_HLA,A:E366S;A:H367W;A:H395T,steer,0.00021,3,A:E366S;A:H367W;A:H395T
1EGJ_HLA,A:E366Y;A:H367W;A:H395T,steer,0.00021,3,A:E366Y;A:H367W;A:H395T
1FDL_HLY,Y:A122D;Y:R125A;Y:R128S,steer,0.00032,3,Y:A122D;Y:R125A;Y:R128S
1FDL_HLY,Y:A122D;Y:R125A;Y:R128T,steer,0.00032,3,Y:A122D;Y:R125A;Y:R128T
1FDL_HLY,Y:A122D;Y:R125Q;Y:R128S,steer,0.00032,3,Y:A122D;Y:R125Q;Y:R128S
1FDL_HLY,Y:A122D;Y:R125Q;Y:R128T,steer,0.00032,3,Y:A122D;Y:R125Q;Y:R128T
1FDL_HLY,Y:A122E;Y:R125A;Y:R128N,steer,0.00032,3,Y:A122E;Y:R125A;Y:R128N
1FDL_HLY,Y:A122E;Y:R125A;Y:R128S,steer,0.00032,3,Y:A122E;Y:R125A;Y:R128S
1FE8_HLA,A:A989D;A:E1021A;A:H1023F,steer,0.00029,3,A:A989D;A:E1021A;A:H1023F
1FE8_HLA,A:A989D;A:E1021F;A:H1023A,steer,0.00029,3,A:A989D;A:E1021F;A:H1023A
1FE8_HLA,A:A989D;A:H1023A;A:P1027F,steer,0.00029,3,A:A989D;A:H1023A;A:P1027F
1FE8_HLA,A:A989D;A:H1023F,steer,0.00029,2,A:A989D;A:H1023F
1FE8_HLA,A:A989D;A:H1023F;A:P1027A,steer,0.00029,3,A:A989D;A:H1023F;A:P1027A
1FE8_HLA,A:A989D;A:V997D;A:H1023F,steer,0.00029,3,A:A989D;A:V997D;A:H1023F
1IC7_HLY,Y:G16A;Y:D101E;Y:G102P,steer,0.00217,3,Y:G16A;Y:D101E;Y:G102P
1IC7_HLY,Y:G16A;Y:D101G;Y:G102P,steer,0.00217,3,Y:G16A;Y:D101G;Y:G102P
1IC7_HLY,Y:G16A;Y:D101S;Y:G102P,steer,0.00217,3,Y:G16A;Y:D101S;Y:G102P
1IC7_HLY,Y:G16A;Y:G102P,steer,0.00217,2,Y:G16A;Y:G102P
1IC7_HLY,Y:G16A;Y:G71A;Y:G102P,steer,0.00217,3,Y:G16A;Y:G71A;Y:G102P
1IC7_HLY,Y:G16A;Y:G71N;Y:G102P,steer,0.00217,3,Y:G16A;Y:G71N;Y:G102P
1KB5_HLA,A:E25L;A:D26I;A:L104A,steer,0.00053,3,A:E25L;A:D26I;A:L104A
1KB5_HLA,A:E25L;A:D26I;A:T28S,steer,0.00053,3,A:E25L;A:D26I;A:T28S
1KB5_HLA,A:E25S;A:D26H;A:A103D,steer,0.00053,3,A:E25S;A:D26H;A:A103D
1KB5_HLA,A:E25S;A:D26H;A:A103E,steer,0.00053,3,A:E25S;A:D26H;A:A103E
1KB5_HLA,A:E25S;A:D26H;A:G97D,steer,0.00053,3,A:E25S;A:D26H;A:G97D
1KB5_HLA,A:E25S;A:D26H;A:G97S,steer,0.00053,3,A:E25S;A:D26H;A:G97S
1KB5_HLB,B:L60E;B:P98A;B:W100C,steer,0.0003,3,B:L60E;B:P98A;B:W100C
1KB5_HLB,B:L60E;B:P98C;B:W100A,steer,0.0003,3,B:L60E;B:P98C;B:W100A
1KB5_HLB,B:L60E;B:P98D;B:W100C,steer,0.0003,3,B:L60E;B:P98D;B:W100C
1KB5_HLB,B:L60E;B:P98E;B:W100C,steer,0.0003,3,B:L60E;B:P98E;B:W100C
1KB5_HLB,B:L60E;B:P98F;B:W100C,steer,0.0003,3,B:L60E;B:P98F;B:W100C
1KB5_HLB,B:L60E;B:W100D;B:S103C,steer,0.0003,3,B:L60E;B:W100D;B:S103C
1KEN_HLA,A:G144A;A:G158A;A:W222T,steer,0.00062,3,A:G144A;A:G158A;A:W222T
1KEN_HLA,A:G144A;A:G158D;A:W222T,steer,0.00062,3,A:G144A;A:G158D;A:W222T
1KEN_HLA,A:G144A;A:G158N;A:W222T,steer,0.00062,3,A:G144A;A:G158N;A:W222T
1KEN_HLA,A:G144A;A:G158S;A:W222T,steer,0.00062,3,A:G144A;A:G158S;A:W222T
1KEN_HLA,A:G144A;A:G158T;A:W222T,steer,0.00062,3,A:G144A;A:G158T;A:W222T
1KEN_HLA,A:G144A;A:Q189A;A:W222T,steer,0.00062,3,A:G144A;A:Q189A;A:W222T
1KXT_DC,C:S245A;C:S270N;C:K278R,steer,0.03333,3,C:S245A;C:S270N;C:K278R
1KXT_DC,C:S245D;C:S270N;C:K278R,steer,0.03333,3,C:S245D;C:S270N;C:K278R
1KXT_DC,C:S270N;C:K278R;C:S310E,steer,0.03333,3,C:S270N;C:K278R;C:S310E
1KXT_DC,C:N152K;C:S270N,steer,0.025,2,C:N152K;C:S270N
1KXT_DC,C:N152K;C:S270N;C:G283A,steer,0.025,3,C:N152K;C:S270N;C:G283A
1KXT_DC,C:S270N;C:G283A;C:S310K,steer,0.025,3,C:S270N;C:G283A;C:S310K
1KXT_FE,E:K278R;E:G283A;E:S310A,steer,0.00909,3,E:K278R;E:G283A;E:S310A
1KXT_FE,E:K278R;E:S310A,steer,0.00909,2,E:K278R;E:S310A
1KXT_FE,E:S245A;E:S270N;E:G271N,steer,0.00909,3,E:S245A;E:S270N;E:G271N
1KXT_FE,E:S245A;E:S270N;E:K278R,steer,0.00909,3,E:S245A;E:S270N;E:K278R
1KXT_FE,E:S245D;E:S270N;E:K278R,steer,0.00909,3,E:S245D;E:S270N;E:K278R
1KXT_FE,E:S245T;E:S270N;E:G271N,steer,0.00909,3,E:S245T;E:S270N;E:G271N
1NMB_HLN,N:A369K;N:T401F,steer,0.00022,2,N:A369K;N:T401F
1NMB_HLN,N:A369K;N:T401F;N:E465G,steer,0.00022,3,N:A369K;N:T401F;N:E465G
1NMB_HLN,N:A369K;N:T401F;N:K432A,steer,0.00022,3,N:A369K;N:T401F;N:K432A
1NMB_HLN,N:A369K;N:T401F;N:K432D,steer,0.00022,3,N:A369K;N:T401F;N:K432D
1NMB_HLN,N:A369K;N:T401F;N:K432E,steer,0.00022,3,N:A369K;N:T401F;N:K432E
1NMB_HLN,N:A369K;N:T401F;N:K435A,steer,0.00022,3,N:A369K;N:T401F;N:K435A
1OSP_HLO,O:E26P;O:D68E;O:D92E,steer,0.00043,3,O:E26P;O:D68E;O:D92E
1OSP_HLO,O:E26P;O:D68E;O:D92K,steer,0.00043,3,O:E26P;O:D68E;O:D92K
1OSP_HLO,O:E26P;O:D68E;O:D92N,steer,0.00043,3,O:E26P;O:D68E;O:D92N
1OSP_HLO,O:E26P;O:D68E;O:D92S,steer,0.00043,3,O:E26P;O:D68E;O:D92S
1OSP_HLO,O:E26P;O:D68E;O:D93K,steer,0.00043,3,O:E26P;O:D68E;O:D93K
1OSP_HLO,O:E26P;O:D68E;O:D93N,steer,0.00043,3,O:E26P;O:D68E;O:D93N
1RJC_AB,B:T47V;B:D48N;B:V109Y,steer,0.05,3,B:T47V;B:D48N;B:V109Y
1RJC_AB,B:T47V;B:V109Y,steer,0.05,2,B:T47V;B:V109Y
1RJC_AB,B:T47N;B:D48N;B:V109Y,steer,0.03333,3,B:T47N;B:D48N;B:V109Y
1RJC_AB,B:T47N;B:V109T,steer,0.03333,2,B:T47N;B:V109T
1RJC_AB,B:T47N;B:V109Y,steer,0.03333,2,B:T47N;B:V109Y
1RJC_AB,B:T47F;B:D48N;B:V109T,steer,0.025,3,B:T47F;B:D48N;B:V109T
1Z3G_HLA,A:D62V;A:P63S;A:N67K,steer,0.0002,3,A:D62V;A:P63S;A:N67K
1Z3G_HLA,A:D62V;A:P63S;A:V66L,steer,0.0002,3,A:D62V;A:P63S;A:V66L
1Z3G_HLA,A:E45A;A:P61D;A:P63S,steer,0.0002,3,A:E45A;A:P61D;A:P63S
1Z3G_HLA,A:E45A;A:P61E;A:P63A,steer,0.0002,3,A:E45A;A:P61E;A:P63A
1Z3G_HLA,A:E45A;A:P61E;A:P63S,steer,0.0002,3,A:E45A;A:P61E;A:P63S
1Z3G_HLA,A:E45A;A:P61N;A:P63A,steer,0.0002,3,A:E45A;A:P61N;A:P63A
1ZA3_HLR,R:D37E;R:L61K;R:T64R,steer,0.00014,3,R:D37E;R:L61K;R:T64R
1ZA3_HLR,R:D37E;R:L61Q;R:T64R,steer,0.00014,3,R:D37E;R:L61Q;R:T64R
1ZA3_HLR,R:D37E;R:L61R;R:T64K,steer,0.00014,3,R:D37E;R:L61R;R:T64K
1ZA3_HLR,R:D37E;R:L61R;R:T64R,steer,0.00014,3,R:D37E;R:L61R;R:T64R
1ZA3_HLR,R:D37E;R:R62K;R:T64K,steer,0.00014,3,R:D37E;R:R62K;R:T64K
1ZA3_HLR,R:D37E;R:R62K;R:T64R,steer,0.00014,3,R:D37E;R:R62K;R:T64R
1ZVH_AL,L:K1M;L:G67L;L:S86N,steer,0.00909,3,L:K1M;L:G67L;L:S86N
1ZVH_AL,L:K1M;L:G67Y,steer,0.00909,2,L:K1M;L:G67Y
1ZVH_AL,L:K1M;L:G67Y;L:D87N,steer,0.00909,3,L:K1M;L:G67Y;L:D87N
1ZVH_AL,L:K1M;L:G67Y;L:R68A,steer,0.00909,3,L:K1M;L:G67Y;L:R68A
1ZVH_AL,L:K1M;L:G67Y;L:R68N,steer,0.00909,3,L:K1M;L:G67Y;L:R68N
1ZVH_AL,L:K1M;L:G67Y;L:R68Q,steer,0.00909,3,L:K1M;L:G67Y;L:R68Q
2B2X_HLA,A:E163A;A:Q218H;A:Y264H,steer,0.00025,3,A:E163A;A:Q218H;A:Y264H
2B2X_HLA,A:E163A;A:V217E;A:Y264H,steer,0.00025,3,A:E163A;A:V217E;A:Y264H
2B2X_HLA,A:E163A;A:V217K;A:Y264H,steer,0.00025,3,A:E163A;A:V217K;A:Y264H
2B2X_HLA,A:E163A;A:V217Q;A:Y264H,steer,0.00025,3,A:E163A;A:V217Q;A:Y264H
2B2X_HLA,A:E163A;A:V217R;A:Y264H,steer,0.00025,3,A:E163A;A:V217R;A:Y264H
2B2X_HLA,A:E163A;A:V217T;A:Y264H,steer,0.00025,3,A:E163A;A:V217T;A:Y264H
2BDN_HLA,A:A4G;A:A7K;A:Q57V,steer,0.00022,3,A:A4G;A:A7K;A:Q57V
2BDN_HLA,A:A4G;A:A7L;A:Q57V,steer,0.00022,3,A:A4G;A:A7L;A:Q57V
2BDN_HLA,A:A4G;A:A7S;A:Q57V,steer,0.00022,3,A:A4G;A:A7S;A:Q57V
2BDN_HLA,A:A4G;A:I5L;A:Q57V,steer,0.00022,3,A:A4G;A:I5L;A:Q57V
2BDN_HLA,A:A4G;A:K35S;A:Q57V,steer,0.00022,3,A:A4G;A:K35S;A:Q57V
2BDN_HLA,A:A4G;A:Q57V;A:D68E,steer,0.00022,3,A:A4G;A:Q57V;A:D68E
2FEE_ILB,B:D246E;B:E377A;B:Q381E,steer,0.00042,3,B:D246E;B:E377A;B:Q381E
2FEE_ILB,B:D246E;B:E377A;B:Q420E,steer,0.00042,3,B:D246E;B:E377A;B:Q420E
2FEE_ILB,B:D246E;B:E377S;B:Q381E,steer,0.00042,3,B:D246E;B:E377S;B:Q381E
2FEE_ILB,B:D246E;B:E377S;B:Q420E,steer,0.00042,3,B:D246E;B:E377S;B:Q420E
2FEE_ILB,B:D246E;B:N327E;B:E377A,steer,0.00042,3,B:D246E;B:N327E;B:E377A
2FEE_ILB,B:D246E;B:N327E;B:E377S,steer,0.00042,3,B:D246E;B:N327E;B:E377S
2W9E_HLA,A:D144S;A:E152N;A:F198L,steer,0.00014,3,A:D144S;A:E152N;A:F198L
2W9E_HLA,A:D144S;A:E152S;A:F198L,steer,0.00014,3,A:D144S;A:E152S;A:F198L
2W9E_HLA,A:D144S;A:F198L;A:T201K,steer,0.00014,3,A:D144S;A:F198L;A:T201K
2W9E_HLA,A:D144S;A:F198L;A:T201N,steer,0.00014,3,A:D144S;A:F198L;A:T201N
2W9E_HLA,A:D144S;A:F198L;A:T201R,steer,0.00014,3,A:D144S;A:F198L;A:T201R
2W9E_HLA,A:D144S;A:H155D;A:F198L,steer,0.00014,3,A:D144S;A:H155D;A:F198L
2WUB_HLA,A:A174G;A:D175A;A:P178D,steer,0.00012,3,A:A174G;A:D175A;A:P178D
2WUB_HLA,A:A174G;A:D175A;A:P178E,steer,0.00012,3,A:A174G;A:D175A;A:P178E
2WUB_HLA,A:A174G;A:D175A;A:R241A,steer,0.00012,3,A:A174G;A:D175A;A:R241A
2WUB_HLA,A:A174G;A:D175A;A:R243A,steer,0.00012,3,A:A174G;A:D175A;A:R243A
2WUB_HLA,A:A174G;A:D175E;A:P178D,steer,0.00012,3,A:A174G;A:D175E;A:P178D
2WUB_HLA,A:A174G;A:D175E;A:P178E,steer,0.00012,3,A:A174G;A:D175E;A:P178E
3B9K_HLB,B:I25E;B:L28P;B:K55S,steer,0.00101,3,B:I25E;B:L28P;B:K55S
3B9K_HLB,B:I25S;B:L28P;B:K55S,steer,0.00101,3,B:I25S;B:L28P;B:K55S
3B9K_HLB,B:I25S;B:T29S;B:K55S,steer,0.00101,3,B:I25S;B:T29S;B:K55S
3B9K_HLB,B:K23S;B:I25E;B:K55E,steer,0.00101,3,B:K23S;B:I25E;B:K55E
3B9K_HLB,B:K23S;B:I25E;B:K55N,steer,0.00101,3,B:K23S;B:I25E;B:K55N
3B9K_HLB,B:K23S;B:I25E;B:K55S,steer,0.00101,3,B:K23S;B:I25E;B:K55S
3EOA_HLI,I:A194E;I:H198K;I:K200E,steer,0.00145,3,I:A194E;I:H198K;I:K200E
3EOA_HLI,I:A194E;I:H198K;I:V199I,steer,0.00145,3,I:A194E;I:H198K;I:V199I
3EOA_HLI,I:A194E;I:H198N;I:V199I,steer,0.00145,3,I:A194E;I:H198N;I:V199I
3EOA_HLI,I:A194T;I:H198K;I:V199I,steer,0.00145,3,I:A194T;I:H198K;I:V199I
3EOA_HLI,I:D145A;I:A194E;I:H198K,steer,0.00145,3,I:D145A;I:A194E;I:H198K
3EOA_HLI,I:D145E;I:A194E;I:H198D,steer,0.00145,3,I:D145E;I:A194E;I:H198D
3H3B_CA,A:A169Q;A:H171L;A:M176S,steer,0.00013,3,A:A169Q;A:H171L;A:M176S
3H3B_CA,A:A169R;A:H171L;A:M176L,steer,0.00013,3,A:A169R;A:H171L;A:M176L
3H3B_CA,A:A169R;A:H171L;A:M176S,steer,0.00013,3,A:A169R;A:H171L;A:M176S
3H3B_CA,A:A169R;A:M176S;A:E188S,steer,0.00013,3,A:A169R;A:M176S;A:E188S
3H3B_CA,A:A169S;A:H171L;A:M176A,steer,0.00013,3,A:A169S;A:H171L;A:M176A
3H3B_CA,A:A169S;A:H171L;A:M176L,steer,0.00013,3,A:A169S;A:H171L;A:M176L
3KS0_HLB,B:A67Q;B:P68S;B:I71L,steer,0.00046,3,B:A67Q;B:P68S;B:I71L
3KS0_HLB,B:A67Q;B:P68S;B:N69D,steer,0.00046,3,B:A67Q;B:P68S;B:N69D
3KS0_HLB,B:L65A;B:P68S;B:I71L,steer,0.00046,3,B:L65A;B:P68S;B:I71L
3KS0_HLB,B:L65A;B:P68S;B:N69D,steer,0.00046,3,B:L65A;B:P68S;B:N69D
3KS0_HLB,B:L65A;B:P68S;B:N69E,steer,0.00046,3,B:L65A;B:P68S;B:N69E
3KS0_HLB,B:L65R;B:P68S;B:I71L,steer,0.00046,3,B:L65R;B:P68S;B:I71L
3L5W_HLI,I:S7M;I:E109A;I:G110C,steer,0.004,3,I:S7M;I:E109A;I:G110C
3L5W_HLI,I:S7M;I:E109C;I:G110A,steer,0.004,3,I:S7M;I:E109C;I:G110A
3L5W_HLI,I:S7M;I:E109C;I:G110C,steer,0.004,3,I:S7M;I:E109C;I:G110C
3L5W_HLI,I:S7M;I:E109C;I:G110D,steer,0.004,3,I:S7M;I:E109C;I:G110D
3L5W_HLI,I:S7M;I:E109C;I:G110F,steer,0.004,3,I:S7M;I:E109C;I:G110F
3L5W_HLI,I:S7M;I:E109D;I:G110C,steer,0.004,3,I:S7M;I:E109D;I:G110C
3L5X_HLA,A:S7M;A:E109C;A:G110C,steer,0.00455,3,A:S7M;A:E109C;A:G110C
3L5X_HLA,A:S7M;A:E109C;A:G110D,steer,0.00455,3,A:S7M;A:E109C;A:G110D
3L5X_HLA,A:S7M;A:E109C;A:G110F,steer,0.00455,3,A:S7M;A:E109C;A:G110F
3L5X_HLA,A:S7M;A:E109C;A:R111A,steer,0.00455,3,A:S7M;A:E109C;A:R111A
3L5X_HLA,A:S7M;A:E109C;A:R111C,steer,0.00455,3,A:S7M;A:E109C;A:R111C
3L5X_HLA,A:S7M;A:E109C;A:R111D,steer,0.00455,3,A:S7M;A:E109C;A:R111D
3NFP_HLI,I:D4E;I:I118D;I:H151D,steer,0.00019,3,I:D4E;I:I118D;I:H151D
3NFP_HLI,I:D4E;I:I118E;I:H151D,steer,0.00019,3,I:D4E;I:I118E;I:H151D
3NFP_HLI,I:D4E;I:T150D;I:H151D,steer,0.00019,3,I:D4E;I:T150D;I:H151D
3NFP_HLI,I:D4E;I:T150E;I:H151E,steer,0.00019,3,I:D4E;I:T150E;I:H151E
3NFP_HLI,I:D4L;I:T150E;I:H151D,steer,0.00019,3,I:D4L;I:T150E;I:H151D
3NFP_HLI,I:D4Q;I:T150E;I:H151D,steer,0.00019,3,I:D4Q;I:T150E;I:H151D
3NH7_HLA,A:A93G;A:L95K;A:V118S,steer,0.00013,3,A:A93G;A:L95K;A:V118S
3NH7_HLA,A:A93G;A:L95R;A:V118S,steer,0.00013,3,A:A93G;A:L95R;A:V118S
3NH7_HLA,A:A93G;A:L95S;A:V118S,steer,0.00013,3,A:A93G;A:L95S;A:V118S
3NH7_HLA,A:A93G;A:L95T;A:V118S,steer,0.00013,3,A:A93G;A:L95T;A:V118S
3NH7_HLA,A:A93G;A:Q94D;A:V118S,steer,0.00013,3,A:A93G;A:Q94D;A:V118S
3NH7_HLA,A:A93G;A:Q94E;A:V118S,steer,0.00013,3,A:A93G;A:Q94E;A:V118S
3NIG_HLA,A:A201D;A:G210S,steer,6e-05,2,A:A201D;A:G210S
3NIG_HLA,A:A201D;A:I211Y,steer,6e-05,2,A:A201D;A:I211Y
3NIG_HLA,A:A201D;A:L212G,steer,6e-05,2,A:A201D;A:L212G
3NIG_HLA,A:A201D;A:P209A,steer,6e-05,2,A:A201D;A:P209A
3NIG_HLA,A:A201D;A:P209D,steer,6e-05,2,A:A201D;A:P209D
3NIG_HLA,A:A201D;A:P209E,steer,6e-05,2,A:A201D;A:P209E
3OGO_FC,C:D102E;C:Y143F,steer,0.03333,2,C:D102E;C:Y143F
3OGO_FC,C:D102G;C:Y143F,steer,0.03333,2,C:D102G;C:Y143F
3OGO_FC,C:Y143F,steer,0.03333,1,C:Y143F
3OGO_FC,C:D102A;C:Y143F,steer,0.01,2,C:D102A;C:Y143F
3OGO_FC,C:D102E;C:Y143A,steer,0.01,2,C:D102E;C:Y143A
3OGO_FC,C:D102E;C:Y143F;C:D173G,steer,0.01,3,C:D102E;C:Y143F;C:D173G
3OGO_GB,B:D102E,steer,0.1,1,B:D102E
3OGO_GB,B:D102G,steer,0.1,1,B:D102G
3OGO_GB,B:D102A,steer,0.03333,1,B:D102A
3OGO_GB,B:D102E;B:D173G;B:S175E,steer,0.03333,3,B:D102E;B:D173G;B:S175E
3OGO_GB,B:D102E;B:S175F,steer,0.03333,2,B:D102E;B:S175F
3OGO_GB,B:D102G;B:D173G,steer,0.03333,2,B:D102G;B:D173G
3P0Y_HLA,A:H409D;A:K454S;A:K455A,steer,0.00137,3,A:H409D;A:K454S;A:K455A
3P0Y_HLA,A:H409D;A:K455A,steer,0.00137,2,A:H409D;A:K455A
3P0Y_HLA,A:H409D;A:K455A;A:E472S,steer,0.00137,3,A:H409D;A:K455A;A:E472S
3P0Y_HLA,A:H409D;A:K455A;A:S460K,steer,0.00137,3,A:H409D;A:K455A;A:S460K
3P0Y_HLA,A:H409D;A:K455E;A:E472S,steer,0.00137,3,A:H409D;A:K455E;A:E472S
3P0Y_HLA,A:H409D;A:K455E;A:S460K,steer,0.00137,3,A:H409D;A:K455E;A:S460K
3QUM_HLP,P:E23A;P:K24P;P:F73D,steer,0.0008,3,P:E23A;P:K24P;P:F73D
3QUM_HLP,P:E23A;P:K24P;P:F73E,steer,0.0008,3,P:E23A;P:K24P;P:F73E
3QUM_HLP,P:E23A;P:K24P;P:H75S,steer,0.0008,3,P:E23A;P:K24P;P:H75S
3QUM_HLP,P:E23R;P:F73D;P:H75S,steer,0.0008,3,P:E23R;P:F73D;P:H75S
3QUM_HLP,P:E23R;P:F73E;P:H75S,steer,0.0008,3,P:E23R;P:F73E;P:H75S
3QUM_HLP,P:E23R;P:K24P;P:D116E,steer,0.0008,3,P:E23R;P:K24P;P:D116E
3R1G_HLB,B:N339A;B:Q377D;B:F426A,steer,0.0008,3,B:N339A;B:Q377D;B:F426A
3R1G_HLB,B:N339A;B:Q377D;B:F426D,steer,0.0008,3,B:N339A;B:Q377D;B:F426D
3R1G_HLB,B:N339A;B:Q377D;B:F426E,steer,0.0008,3,B:N339A;B:Q377D;B:F426E
3R1G_HLB,B:N339A;B:Q377E;B:F426D,steer,0.0008,3,B:N339A;B:Q377E;B:F426D
3R1G_HLB,B:N339A;B:Q377E;B:F426E,steer,0.0008,3,B:N339A;B:Q377E;B:F426E
3R1G_HLB,B:N339A;B:V373E;B:F426A,steer,0.0008,3,B:N339A;B:V373E;B:F426A
3S36_HLX,X:D257E;X:E261T;X:H269E,steer,0.00039,3,X:D257E;X:E261T;X:H269E
3S36_HLX,X:D257E;X:H269E;X:E284S,steer,0.00039,3,X:D257E;X:H269E;X:E284S
3S36_HLX,X:D257S;X:E261T;X:H269E,steer,0.00039,3,X:D257S;X:E261T;X:H269E
3S36_HLX,X:D257S;X:E261T;X:H269L,steer,0.00039,3,X:D257S;X:E261T;X:H269L
3S36_HLX,X:D257S;X:H269E,steer,0.00039,2,X:D257S;X:H269E
3S36_HLX,X:D257S;X:H269E;X:E284G,steer,0.00039,3,X:D257S;X:H269E;X:E284G
3S88_HLI,I:M33L;I:N40G;I:I48L,steer,0.00039,3,I:M33L;I:N40G;I:I48L
3S88_HLI,I:M33L;I:N40G;I:I48P,steer,0.00039,3,I:M33L;I:N40G;I:I48P
3S88_HLI,I:M33L;I:N40G;I:K54S,steer,0.00039,3,I:M33L;I:N40G;I:K54S
3S88_HLI,I:M33L;I:N40G;I:Q50D,steer,0.00039,3,I:M33L;I:N40G;I:Q50D
3S88_HLI,I:M33L;I:N40G;I:Q50E,steer,0.00039,3,I:M33L;I:N40G;I:Q50E
3S88_HLI,I:M33L;I:N40G;I:Q50S,steer,0.00039,3,I:M33L;I:N40G;I:Q50S
3SDY_HLB,B:E15A;B:I18V;B:S29E,steer,0.00076,3,B:E15A;B:I18V;B:S29E
3SDY_HLB,B:E15D;B:I18V;B:S29E,steer,0.00076,3,B:E15D;B:I18V;B:S29E
3SDY_HLB,B:E15D;B:S29E;B:E30Q,steer,0.00076,3,B:E15D;B:S29E;B:E30Q
3SDY_HLB,B:E15S;B:S29E;B:N154T,steer,0.00076,3,B:E15S;B:S29E;B:N154T
3SDY_HLB,B:E15T;B:I18K;B:S29E,steer,0.00076,3,B:E15T;B:I18K;B:S29E
3SDY_HLB,B:E15T;B:S29E;B:A147K,steer,0.00076,3,B:E15T;B:S29E;B:A147K
3SKJ_HLE,E:E133D;E:A134G;E:H136T,steer,0.00034,3,E:E133D;E:A134G;E:H136T
3SKJ_HLE,E:E133D;E:A134G;E:H136V,steer,0.00034,3,E:E133D;E:A134G;E:H136V
3SKJ_HLE,E:E133D;E:A134N;E:H136V,steer,0.00034,3,E:E133D;E:A134N;E:H136V
3SKJ_HLE,E:E133N;E:A134G;E:H136E,steer,0.00034,3,E:E133N;E:A134G;E:H136E
3SKJ_HLE,E:E133N;E:A134G;E:H136K,steer,0.00034,3,E:E133N;E:A134G;E:H136K
3SKJ_HLE,E:E133N;E:A134G;E:H136N,steer,0.00034,3,E:E133N;E:A134G;E:H136N
3T2N_HLA,A:A325D;A:L383F;A:A384G,steer,0.00051,3,A:A325D;A:L383F;A:A384G
3T2N_HLA,A:A325D;A:P342R;A:L383F,steer,0.00051,3,A:A325D;A:P342R;A:L383F
3T2N_HLA,A:A325E;A:P342R;A:L383F,steer,0.00051,3,A:A325E;A:P342R;A:L383F
3T2N_HLA,A:A325F;A:L383F;A:A384G,steer,0.00051,3,A:A325F;A:L383F;A:A384G
3T2N_HLA,A:A325F;A:P342R;A:A384G,steer,0.00051,3,A:A325F;A:P342R;A:A384G
3T2N_HLA,A:A325G;A:P342R;A:L383F,steer,0.00051,3,A:A325G;A:P342R;A:L383F
3UAJ_HLA,A:H158A;A:D177A;A:M297E,steer,0.00056,3,A:H158A;A:D177A;A:M297E
3UAJ_HLA,A:H158A;A:D177E;A:M297A,steer,0.00056,3,A:H158A;A:D177E;A:M297A
3UAJ_HLA,A:H158A;A:D177E;A:M297D,steer,0.00056,3,A:H158A;A:D177E;A:M297D
3UAJ_HLA,A:H158A;A:D177E;A:M297E,steer,0.00056,3,A:H158A;A:D177E;A:M297E
3UAJ_HLA,A:H158A;A:D177G;A:M297A,steer,0.00056,3,A:H158A;A:D177G;A:M297A
3UAJ_HLA,A:H158A;A:D177G;A:M297D,steer,0.00056,3,A:H158A;A:D177G;A:M297D
3VI3_HLD,D:N77D;D:S79A;D:R155E,steer,0.005,3,D:N77D;D:S79A;D:R155E
3VI3_HLD,D:N77D;D:S79A;D:T82A,steer,0.005,3,D:N77D;D:S79A;D:T82A
3VI3_HLD,D:N77D;D:S79A;D:T82E,steer,0.005,3,D:N77D;D:S79A;D:T82E
3VI3_HLD,D:N77D;D:T82A;D:R155E,steer,0.005,3,D:N77D;D:T82A;D:R155E
3VI3_HLD,D:N77D;D:T82E;D:R155E,steer,0.005,3,D:N77D;D:T82E;D:R155E
3VI3_HLD,D:R78D;D:S79A;D:R155E,steer,0.005,3,D:R78D;D:S79A;D:R155E
3WLW_HLB,B:A169D;B:H171A;B:M176Q,steer,0.00092,3,B:A169D;B:H171A;B:M176Q
3WLW_HLB,B:A169D;B:M176Q;B:G179D,steer,0.00092,3,B:A169D;B:M176Q;B:G179D
3WLW_HLB,B:A169D;B:M176Q;B:G179E,steer,0.00092,3,B:A169D;B:M176Q;B:G179E
3WLW_HLB,B:A169D;B:M176Q;B:K178L,steer,0.00092,3,B:A169D;B:M176Q;B:K178L
3WLW_HLB,B:A169D;B:M176S;B:K178Q,steer,0.00092,3,B:A169D;B:M176S;B:K178Q
3WLW_HLB,B:A169D;B:M176S;B:K178R,steer,0.00092,3,B:A169D;B:M176S;B:K178R
4AEI_HLA,A:D53E;A:H54D;A:H64I,steer,0.00022,3,A:D53E;A:H54D;A:H64I
4AEI_HLA,A:D53E;A:H54D;A:H64V,steer,0.00022,3,A:D53E;A:H54D;A:H64V
4AEI_HLA,A:D53E;A:H54E;A:H64I,steer,0.00022,3,A:D53E;A:H54E;A:H64I
4AEI_HLA,A:D53E;A:H54E;A:H64V,steer,0.00022,3,A:D53E;A:H54E;A:H64V
4AEI_HLA,A:D53E;A:H54N;A:H64I,steer,0.00022,3,A:D53E;A:H54N;A:H64I
4AEI_HLA,A:D53E;A:H54N;A:H64V,steer,0.00022,3,A:D53E;A:H54N;A:H64V
4AL8_HLC,C:A313E;C:H317D;C:E362D,steer,0.00035,3,C:A313E;C:H317D;C:E362D
4AL8_HLC,C:A313E;C:H317D;C:N355A,steer,0.00035,3,C:A313E;C:H317D;C:N355A
4AL8_HLC,C:A313E;C:H317D;C:N355E,steer,0.00035,3,C:A313E;C:H317D;C:N355E
4AL8_HLC,C:A313E;C:H317D;C:N355S,steer,0.00035,3,C:A313E;C:H317D;C:N355S
4AL8_HLC,C:A313E;C:H317D;C:N355T,steer,0.00035,3,C:A313E;C:H317D;C:N355T
4AL8_HLC,C:A313E;C:H317N;C:N355T,steer,0.00035,3,C:A313E;C:H317N;C:N355T
4BZ1_HLA,A:A313E;A:H317N;A:H396E,steer,0.00036,3,A:A313E;A:H317N;A:H396E
4BZ1_HLA,A:A313E;A:H317N;A:H396S,steer,0.00036,3,A:A313E;A:H317N;A:H396S
4BZ1_HLA,A:A313F;A:H317D;A:H396D,steer,0.00036,3,A:A313F;A:H317D;A:H396D
4BZ1_HLA,A:A313F;A:H317D;A:H396E,steer,0.00036,3,A:A313F;A:H317D;A:H396E
4BZ1_HLA,A:A313F;A:H317D;A:H396N,steer,0.00036,3,A:A313F;A:H317D;A:H396N
4BZ1_HLA,A:A313F;A:H317D;A:H396S,steer,0.00036,3,A:A313F;A:H317D;A:H396S
4CDG_CA,A:K1002L;A:F1109A;A:N1194E,steer,0.00152,3,A:K1002L;A:F1109A;A:N1194E
4CDG_CA,A:K1002R;A:F1109A,steer,0.00152,2,A:K1002R;A:F1109A
4CDG_CA,A:K1002R;A:F1109A;A:I1126F,steer,0.00152,3,A:K1002R;A:F1109A;A:I1126F
4CDG_CA,A:K1002R;A:F1109A;A:N1112A,steer,0.00152,3,A:K1002R;A:F1109A;A:N1112A
4CDG_CA,A:K1002R;A:F1109A;A:N1164D,steer,0.00152,3,A:K1002R;A:F1109A;A:N1164D
4CDG_CA,A:K1002R;A:F1109A;A:N1164E,steer,0.00152,3,A:K1002R;A:F1109A;A:N1164E
4CNI_HLC,C:A153K;C:N155Q;C:W157E,steer,0.00015,3,C:A153K;C:N155Q;C:W157E
4CNI_HLC,C:A153Q;C:N155E;C:W157E,steer,0.00015,3,C:A153Q;C:N155E;C:W157E
4CNI_HLC,C:A153Q;C:N155E;C:W157Q,steer,0.00015,3,C:A153Q;C:N155E;C:W157Q
4CNI_HLC,C:A153Q;C:N155Q;C:W157E,steer,0.00015,3,C:A153Q;C:N155Q;C:W157E
4CNI_HLC,C:A153Q;C:N155Q;C:W157Q,steer,0.00015,3,C:A153Q;C:N155Q;C:W157Q
4CNI_HLC,C:A56F;C:N155E;C:W157E,steer,0.00015,3,C:A56F;C:N155E;C:W157E
4FFW_HLA,A:D98E;A:D241E;A:T747K,steer,9e-05,3,A:D98E;A:D241E;A:T747K
4FFW_HLA,A:D98E;A:E242D;A:T747K,steer,9e-05,3,A:D98E;A:E242D;A:T747K
4FFW_HLA,A:D98E;A:E242D;A:T747S,steer,9e-05,3,A:D98E;A:E242D;A:T747S
4FFW_HLA,A:D98E;A:K137S;A:R138K,steer,9e-05,3,A:D98E;A:K137S;A:R138K
4FFW_HLA,A:D98E;A:K137S;A:T747K,steer,9e-05,3,A:D98E;A:K137S;A:T747K
4FFW_HLA,A:D98E;A:K137S;A:T747S,steer,9e-05,3,A:D98E;A:K137S;A:T747S
4G6J_HLA,A:D35E;A:Y90V;A:S152K,steer,0.00013,3,A:D35E;A:Y90V;A:S152K
4G6J_HLA,A:E37K;A:N89K;A:Y90V,steer,0.00013,3,A:E37K;A:N89K;A:Y90V
4G6J_HLA,A:E37K;A:P87L;A:Y90V,steer,0.00013,3,A:E37K;A:P87L;A:Y90V
4G6J_HLA,A:E37K;A:Y90I;A:S152K,steer,0.00013,3,A:E37K;A:Y90I;A:S152K
4G6J_HLA,A:E37K;A:Y90V;A:N129G,steer,0.00013,3,A:E37K;A:Y90V;A:N129G
4G6J_HLA,A:E37K;A:Y90V;A:S152K,steer,0.00013,3,A:E37K;A:Y90V;A:S152K
4HT1_HLT,T:I55A;T:A79D;T:E99D,steer,0.00075,3,T:I55A;T:A79D;T:E99D
4HT1_HLT,T:I55A;T:A79E;T:E99D,steer,0.00075,3,T:I55A;T:A79E;T:E99D
4HT1_HLT,T:I55A;T:K78A;T:A79D,steer,0.00075,3,T:I55A;T:K78A;T:A79D
4HT1_HLT,T:I55A;T:K78A;T:A79E,steer,0.00075,3,T:I55A;T:K78A;T:A79E
4HT1_HLT,T:I55A;T:K78A;T:V91A,steer,0.00075,3,T:I55A;T:K78A;T:V91A
4HT1_HLT,T:I55A;T:K78A;T:V91E,steer,0.00075,3,T:I55A;T:K78A;T:V91E
4I3S_HLG,G:D276N;G:A281S;G:D368C,steer,0.00069,3,G:D276N;G:A281S;G:D368C
4I3S_HLG,G:D276N;G:A281T;G:G463D,steer,0.00069,3,G:D276N;G:A281T;G:G463D
4I3S_HLG,G:D276N;G:A281T;G:S460D,steer,0.00069,3,G:D276N;G:A281T;G:S460D
4I3S_HLG,G:D276N;G:A281T;G:T464A,steer,0.00069,3,G:D276N;G:A281T;G:T464A
4I3S_HLG,G:D276N;G:A281T;G:T464D,steer,0.00069,3,G:D276N;G:A281T;G:T464D
4I3S_HLG,G:D276N;G:A281T;G:T464E,steer,0.00069,3,G:D276N;G:A281T;G:T464E
4I77_HLZ,Z:A9K;Z:H73S;Z:A77S,steer,0.0002,3,Z:A9K;Z:H73S;Z:A77S
4I77_HLZ,Z:A9K;Z:H73S;Z:G78S,steer,0.0002,3,Z:A9K;Z:H73S;Z:G78S
4I77_HLZ,Z:A9K;Z:H73S;Z:Q79A,steer,0.0002,3,Z:A9K;Z:H73S;Z:Q79A
4I77_HLZ,Z:A9K;Z:P27A;Z:H73S,steer,0.0002,3,Z:A9K;Z:P27A;Z:H73S
4I77_HLZ,Z:A9K;Z:P27D;Z:H73G,steer,0.0002,3,Z:A9K;Z:P27D;Z:H73G
4I77_HLZ,Z:A9K;Z:P27D;Z:H73S,steer,0.0002,3,Z:A9K;Z:P27D;Z:H73S
4IDJ_HLA,A:E31A;A:E71D;A:M204A,steer,0.00023,3,A:E31A;A:E71D;A:M204A
4IDJ_HLA,A:E31A;A:E71D;A:M204D,steer,0.00023,3,A:E31A;A:E71D;A:M204D
4IDJ_HLA,A:E31A;A:E71D;A:M204F,steer,0.00023,3,A:E31A;A:E71D;A:M204F
4IDJ_HLA,A:E31A;A:R66K;A:M204F,steer,0.00023,3,A:E31A;A:R66K;A:M204F
4IDJ_HLA,A:E31A;A:R66L;A:M204F,steer,0.00023,3,A:E31A;A:R66L;A:M204F
4IDJ_HLA,A:E31D;A:E71D;A:M204A,steer,0.00023,3,A:E31D;A:E71D;A:M204A
4IRZ_HLA,A:K145E;A:V155Q;A:L206N,steer,0.00026,3,A:K145E;A:V155Q;A:L206N
4IRZ_HLA,A:K145E;A:V155Q;A:L206Q,steer,0.00026,3,A:K145E;A:V155Q;A:L206Q
4IRZ_HLA,A:K145E;A:V155Q;A:T198S,steer,0.00026,3,A:K145E;A:V155Q;A:T198S
4IRZ_HLA,A:K145Q;A:V155E;A:L206N,steer,0.00026,3,A:K145Q;A:V155E;A:L206N
4IRZ_HLA,A:K145Q;A:V155E;A:L206Q,steer,0.00026,3,A:K145Q;A:V155E;A:L206Q
4IRZ_HLA,A:K145Q;A:V155E;A:T198S,steer,0.00026,3,A:K145Q;A:V155E;A:T198S
4JPV_HLG,G:G124H;G:G198C;G:E460G,steer,0.00038,3,G:G124H;G:G198C;G:E460G
4JPV_HLG,G:G124H;G:G198C;G:E460K,steer,0.00038,3,G:G124H;G:G198C;G:E460K
4JPV_HLG,G:G124H;G:G198C;G:N354A,steer,0.00038,3,G:G124H;G:G198C;G:N354A
4JPV_HLG,G:G124H;G:G198C;G:N354D,steer,0.00038,3,G:G124H;G:G198C;G:N354D
4JPV_HLG,G:G124H;G:G198C;G:S199E,steer,0.00038,3,G:G124H;G:G198C;G:S199E
4JPV_HLG,G:G124H;G:G198C;G:T430E,steer,0.00038,3,G:G124H;G:G198C;G:T430E
4K2U_HLA,A:E158C;A:H159A;A:Q171E,steer,0.00026,3,A:E158C;A:H159A;A:Q171E
4K2U_HLA,A:E158C;A:H159A;A:Q171N,steer,0.00026,3,A:E158C;A:H159A;A:Q171N
4K2U_HLA,A:E158C;A:H159C;A:Q171E,steer,0.00026,3,A:E158C;A:H159C;A:Q171E
4K2U_HLA,A:E158C;A:H159C;A:Q171N,steer,0.00026,3,A:E158C;A:H159C;A:Q171N
4K2U_HLA,A:E158G;A:H159A;A:Q171D,steer,0.00026,3,A:E158G;A:H159A;A:Q171D
4K2U_HLA,A:E158G;A:H159A;A:Q171E,steer,0.00026,3,A:E158G;A:H159A;A:Q171E
4L5F_HLE,E:E311A;E:T329E;E:E362D,steer,0.00667,3,E:E311A;E:T329E;E:E362D
4L5F_HLE,E:E311A;E:T329V;E:E362D,steer,0.00667,3,E:E311A;E:T329V;E:E362D
4L5F_HLE,E:K310A;E:E311A,steer,0.00667,2,E:K310A;E:E311A
4L5F_HLE,E:K310A;E:E311A;E:E362D,steer,0.00667,3,E:K310A;E:E311A;E:E362D
4L5F_HLE,E:K310A;E:E311A;E:E362N,steer,0.00667,3,E:K310A;E:E311A;E:E362N
4L5F_HLE,E:K310A;E:E311A;E:K385G,steer,0.00667,3,E:K310A;E:E311A;E:K385G
4LMQ_HLD,D:A19I;D:A21C;D:L55A,steer,0.00072,3,D:A19I;D:A21C;D:L55A
4LMQ_HLD,D:A19I;D:A21S;D:L55A,steer,0.00072,3,D:A19I;D:A21S;D:L55A
4LMQ_HLD,D:A19I;D:L55A,steer,0.00072,2,D:A19I;D:L55A
4LMQ_HLD,D:A19I;D:R20E;D:L55A,steer,0.00072,3,D:A19I;D:R20E;D:L55A
4LMQ_HLD,D:A19I;D:R20K;D:L55A,steer,0.00072,3,D:A19I;D:R20K;D:L55A
4LMQ_HLD,D:A19I;D:R20P;D:L55A,steer,0.00072,3,D:A19I;D:R20P;D:L55A
4NZT_HLM,M:D117E;M:R118L;M:F341S,steer,6e-05,3,M:D117E;M:R118L;M:F341S
4NZT_HLM,M:D117E;M:R118L;M:P119L,steer,6e-05,3,M:D117E;M:R118L;M:P119L
4NZT_HLM,M:D117K;M:P119L;M:F341N,steer,6e-05,3,M:D117K;M:P119L;M:F341N
4NZT_HLM,M:D117K;M:P119L;M:F341S,steer,6e-05,3,M:D117K;M:P119L;M:F341S
4NZT_HLM,M:D117K;M:R118I;M:F341N,steer,6e-05,3,M:D117K;M:R118I;M:F341N
4NZT_HLM,M:D117K;M:R118I;M:F341S,steer,6e-05,3,M:D117K;M:R118I;M:F341S
4OCL_FE,E:D101H;E:A207D;E:K208F,steer,0.0005,3,E:D101H;E:A207D;E:K208F
4OCL_FE,E:D101H;E:Q102E;E:T206C,steer,0.0005,3,E:D101H;E:Q102E;E:T206C
4OCL_FE,E:D101H;E:Q102E;E:T206F,steer,0.0005,3,E:D101H;E:Q102E;E:T206F
4OCL_FE,E:D101K;E:Q102E;E:A207E,steer,0.0005,3,E:D101K;E:Q102E;E:A207E
4OCL_FE,E:D101K;E:Q102E;E:K208C,steer,0.0005,3,E:D101K;E:Q102E;E:K208C
4OCL_FE,E:D101N;E:Q102E;E:T206D,steer,0.0005,3,E:D101N;E:Q102E;E:T206D
4OII_HLA,A:D208E;A:T209L;A:W232S,steer,0.00022,3,A:D208E;A:T209L;A:W232S
4OII_HLA,A:D208E;A:W232A;A:E289S,steer,0.00022,3,A:D208E;A:W232A;A:E289S
4OII_HLA,A:D208E;A:W232A;A:N351S,steer,0.00022,3,A:D208E;A:W232A;A:N351S
4OII_HLA,A:D208E;A:W232A;A:N351T,steer,0.00022,3,A:D208E;A:W232A;A:N351T
4OII_HLA,A:D208E;A:W232D;A:E289S,steer,0.00022,3,A:D208E;A:W232D;A:E289S
4OII_HLA,A:D208E;A:W232D;A:N351S,steer,0.00022,3,A:D208E;A:W232D;A:N351S
4UT9_HLA,A:N67A;A:N83C;A:H244A,steer,0.00038,3,A:N67A;A:N83C;A:H244A
4UT9_HLA,A:N67A;A:N83C;A:H244D,steer,0.00038,3,A:N67A;A:N83C;A:H244D
4UT9_HLA,A:N67A;A:N83C;A:H244E,steer,0.00038,3,A:N67A;A:N83C;A:H244E
4UT9_HLA,A:N67A;A:N83E;A:H244D,steer,0.00038,3,A:N67A;A:N83E;A:H244D
4UT9_HLA,A:N67A;A:N83E;A:H244E,steer,0.00038,3,A:N67A;A:N83E;A:H244E
4UT9_HLA,A:N67A;A:N83F;A:H244E,steer,0.00038,3,A:N67A;A:N83F;A:H244E
4UTA_HLB,B:N67A;B:N83E;B:N103S,steer,0.00039,3,B:N67A;B:N83E;B:N103S
4UTA_HLB,B:N67A;B:N83P;B:N103S,steer,0.00039,3,B:N67A;B:N83P;B:N103S
4UTA_HLB,B:N67A;B:N83S;B:N103S,steer,0.00039,3,B:N67A;B:N83S;B:N103S
4UTA_HLB,B:N67A;B:Q77A;B:N83E,steer,0.00039,3,B:N67A;B:Q77A;B:N83E
4UTA_HLB,B:N67A;B:Q77A;B:N83S,steer,0.00039,3,B:N67A;B:Q77A;B:N83S
4UTA_HLB,B:N67A;B:Q77D;B:N103S,steer,0.00039,3,B:N67A;B:Q77D;B:N103S
4YBL_HLG,G:A60S;G:D113A;G:Q114T,steer,0.0037,3,G:A60S;G:D113A;G:Q114T
4YBL_HLG,G:A60S;G:E62T;G:D113A,steer,0.0037,3,G:A60S;G:E62T;G:D113A
4YBL_HLG,G:A60S;G:E62T;G:Q114T,steer,0.0037,3,G:A60S;G:E62T;G:Q114T
4YBL_HLG,G:K59E;G:A60N;G:D113A,steer,0.0037,3,G:K59E;G:A60N;G:D113A
4YBL_HLG,G:K59E;G:A60N;G:Q114T,steer,0.0037,3,G:K59E;G:A60N;G:Q114T
4YBL_HLG,G:K59E;G:A60S;G:E62T,steer,0.0037,3,G:K59E;G:A60S;G:E62T
4YGA_DC,C:F416A;C:F467A;C:T476D,steer,0.00076,3,C:F416A;C:F467A;C:T476D
4YGA_DC,C:F416A;C:F467A;C:T476E,steer,0.00076,3,C:F416A;C:F467A;C:T476E
4YGA_DC,C:F416A;C:F467A;C:V469D,steer,0.00076,3,C:F416A;C:F467A;C:V469D
4YGA_DC,C:F416A;C:I466A;C:S470D,steer,0.00076,3,C:F416A;C:I466A;C:S470D
4YGA_DC,C:F416A;C:I466A;C:S470E,steer,0.00076,3,C:F416A;C:I466A;C:S470E
4YGA_DC,C:F416A;C:I466A;C:T476D,steer,0.00076,3,C:F416A;C:I466A;C:T476D
4ZPT_HLS,S:L495S;S:W535L;S:E549L,steer,0.00056,3,S:L495S;S:W535L;S:E549L
4ZPT_HLS,S:L495S;S:W535L;S:E549S,steer,0.00056,3,S:L495S;S:W535L;S:E549S
4ZPT_HLS,S:L495S;S:W535L;S:P547S,steer,0.00056,3,S:L495S;S:W535L;S:P547S
4ZPT_HLS,S:L495S;S:W535V;S:E549S,steer,0.00056,3,S:L495S;S:W535V;S:E549S
4ZPT_HLS,S:L495T;S:W535L;S:E549S,steer,0.00056,3,S:L495T;S:W535L;S:E549S
4ZPT_HLS,S:P387A;S:W535I;S:E549S,steer,0.00056,3,S:P387A;S:W535I;S:E549S
5ANM_HLE,E:D473A;E:K497P;E:G500S,steer,0.00029,3,E:D473A;E:K497P;E:G500S
5ANM_HLE,E:D473E;E:K497A;E:G500S,steer,0.00029,3,E:D473E;E:K497A;E:G500S
5ANM_HLE,E:D473E;E:K497E;E:G500S,steer,0.00029,3,E:D473E;E:K497E;E:G500S
5ANM_HLE,E:D473E;E:K497P;E:G500K,steer,0.00029,3,E:D473E;E:K497P;E:G500K
5ANM_HLE,E:D473E;E:K497P;E:G500S,steer,0.00029,3,E:D473E;E:K497P;E:G500S
5ANM_HLE,E:D473E;E:R496E;E:G500S,steer,0.00029,3,E:D473E;E:R496E;E:G500S
5CZX_HLA,A:G1462R;A:K1473D;A:Q1486P,steer,0.00019,3,A:G1462R;A:K1473D;A:Q1486P
5CZX_HLA,A:G1462R;A:K1473Q;A:Q1486P,steer,0.00019,3,A:G1462R;A:K1473Q;A:Q1486P
5CZX_HLA,A:G1462R;A:K1473R;A:Q1486P,steer,0.00019,3,A:G1462R;A:K1473R;A:Q1486P
5CZX_HLA,A:G1462R;A:Q1486P;A:G1487A,steer,0.00019,3,A:G1462R;A:Q1486P;A:G1487A
5CZX_HLA,A:G1462R;A:T1466R;A:G1487A,steer,0.00019,3,A:G1462R;A:T1466R;A:G1487A
5CZX_HLA,A:G1462R;A:T1466R;A:K1473R,steer,0.00019,3,A:G1462R;A:T1466R;A:K1473R
5DUM_HLA,A:D124F;A:R162A;A:T167D,steer,0.03333,3,A:D124F;A:R162A;A:T167D
5DUM_HLA,A:R162A;A:T167D,steer,0.03333,2,A:R162A;A:T167D
5DUM_HLA,A:S120A;A:R162A;A:T167D,steer,0.03333,3,A:S120A;A:R162A;A:T167D
5DUM_HLA,A:D124A;A:R162A;A:T167D,steer,0.0125,3,A:D124A;A:R162A;A:T167D
5DUM_HLA,A:D124E;A:R162A;A:T167D,steer,0.0125,3,A:D124E;A:R162A;A:T167D
5DUM_HLA,A:D124F;A:R162A;A:T167E,steer,0.0125,3,A:D124F;A:R162A;A:T167E
5DUR_HLC,C:E69A;C:S128N;C:Q138H,steer,0.00034,3,C:E69A;C:S128N;C:Q138H
5DUR_HLC,C:E69A;C:S128N;C:Q169D,steer,0.00034,3,C:E69A;C:S128N;C:Q169D
5DUR_HLC,C:E69A;C:S128N;C:Q169N,steer,0.00034,3,C:E69A;C:S128N;C:Q169N
5DUR_HLC,C:E69A;C:S128N;C:T140K,steer,0.00034,3,C:E69A;C:S128N;C:T140K
5DUR_HLC,C:E69A;C:S128N;C:T167N,steer,0.00034,3,C:E69A;C:S128N;C:T167N
5DUR_HLC,C:E69D;C:P74S;C:S128N,steer,0.00034,3,C:E69D;C:P74S;C:S128N
5E0Q_AB,B:D741G;B:P795L;B:P796V,steer,0.00018,3,B:D741G;B:P795L;B:P796V
5E0Q_AB,B:D741G;B:Q792E;B:P795L,steer,0.00018,3,B:D741G;B:Q792E;B:P795L
5E0Q_AB,B:D741G;B:Q792E;B:P796V,steer,0.00018,3,B:D741G;B:Q792E;B:P796V
5E0Q_AB,B:H716D;B:P795L;B:P796V,steer,0.00018,3,B:H716D;B:P795L;B:P796V
5E0Q_AB,B:H716D;B:Q792E;B:P795L,steer,0.00018,3,B:H716D;B:Q792E;B:P795L
5E0Q_AB,B:H716D;B:Q792E;B:P796V,steer,0.00018,3,B:H716D;B:Q792E;B:P796V
5GGT_HLA,A:A18D;A:A51S;A:E71K,steer,0.00072,3,A:A18D;A:A51S;A:E71K
5GGT_HLA,A:A18D;A:A51S;A:V76S,steer,0.00072,3,A:A18D;A:A51S;A:V76S
5GGT_HLA,A:A18E;A:A51S;A:E71K,steer,0.00072,3,A:A18E;A:A51S;A:E71K
5GGT_HLA,A:A18E;A:A51S;A:E71Q,steer,0.00072,3,A:A18E;A:A51S;A:E71Q
5GGT_HLA,A:A18E;A:A51S;A:E71R,steer,0.00072,3,A:A18E;A:A51S;A:E71R
5GGT_HLA,A:A18E;A:A51S;A:G119D,steer,0.00072,3,A:A18E;A:A51S;A:G119D
5GJS_HLB,B:D19V,steer,0.03333,1,B:D19V
5GJS_HLB,B:D19V;B:G31A,steer,0.03333,2,B:D19V;B:G31A
5GJS_HLB,B:D19V;B:G31A;B:G33D,steer,0.03333,3,B:D19V;B:G31A;B:G33D
5GJS_HLB,B:D19V;B:G31D,steer,0.03333,2,B:D19V;B:G31D
5GJS_HLB,B:D19V;B:G31D;B:G33D,steer,0.03333,3,B:D19V;B:G31D;B:G33D
5GJS_HLB,B:D19V;B:G33D,steer,0.03333,2,B:D19V;B:G33D
5GZN_HLA,A:D155A;A:D230A;A:D278A,steer,0.00019,3,A:D155A;A:D230A;A:D278A
5GZN_HLA,A:D155A;A:D230A;A:D278E,steer,0.00019,3,A:D155A;A:D230A;A:D278E
5GZN_HLA,A:D155A;A:D230A;A:G279A,steer,0.00019,3,A:D155A;A:D230A;A:G279A
5GZN_HLA,A:D155A;A:E159A;A:D230A,steer,0.00019,3,A:D155A;A:E159A;A:D230A
5GZN_HLA,A:D155A;A:E159A;A:D230G,steer,0.00019,3,A:D155A;A:E159A;A:D230G
5GZN_HLA,A:D155A;A:E159F;A:D230A,steer,0.00019,3,A:D155A;A:E159F;A:D230A
5HGG_SB,B:G37BD;B:D60AG,steer,0.00043,2,B:G37BD;B:D60AG
5HGG_SB,B:G37BD;B:D60AG;B:T147D,steer,0.00043,3,B:G37BD;B:D60AG;B:T147D
5HGG_SB,B:G37BD;B:D60AG;B:Y149A,steer,0.00043,3,B:G37BD;B:D60AG;B:Y149A
5HGG_SB,B:G37BD;B:D60AG;B:Y149D,steer,0.00043,3,B:G37BD;B:D60AG;B:Y149D
5HGG_SB,B:G37BD;B:D60AG;B:Y149E,steer,0.00043,3,B:G37BD;B:D60AG;B:Y149E
5HGG_SB,B:G37BD;B:D60AG;B:Y149F,steer,0.00043,3,B:G37BD;B:D60AG;B:Y149F
5JHL_HLA,A:Q77A;A:G102A;A:N103S,steer,0.00147,3,A:Q77A;A:G102A;A:N103S
5JHL_HLA,A:Q77A;A:G102K;A:N103S,steer,0.00147,3,A:Q77A;A:G102K;A:N103S
5JHL_HLA,A:Q77A;A:G102S;A:N103S,steer,0.00147,3,A:Q77A;A:G102S;A:N103S
5JHL_HLA,A:Q77A;A:N103S,steer,0.00147,2,A:Q77A;A:N103S
5JHL_HLA,A:Q77A;A:N103S;A:G104S,steer,0.00147,3,A:Q77A;A:N103S;A:G104S
5JHL_HLA,A:Q77A;A:N103S;A:G106S,steer,0.00147,3,A:Q77A;A:N103S;A:G106S
5JYL_BA,A:A86E;A:V88I;A:D90K,steer,0.00077,3,A:A86E;A:V88I;A:D90K
5JYL_BA,A:A86E;A:V88L;A:D90A,steer,0.00077,3,A:A86E;A:V88L;A:D90A
5JYL_BA,A:A86E;A:V88L;A:D90E,steer,0.00077,3,A:A86E;A:V88L;A:D90E
5JYL_BA,A:A86E;A:V88L;A:D90K,steer,0.00077,3,A:A86E;A:V88L;A:D90K
5JYL_BA,A:A86E;A:V88L;A:D90S,steer,0.00077,3,A:A86E;A:V88L;A:D90S
5JYL_BA,A:A86K;A:V88L;A:D90K,steer,0.00077,3,A:A86K;A:V88L;A:D90K
5JZ7_HLB,B:D60E;B:V64A;B:D65T,steer,0.00017,3,B:D60E;B:V64A;B:D65T
5JZ7_HLB,B:D60E;B:V64E;B:D65S,steer,0.00017,3,B:D60E;B:V64E;B:D65S
5JZ7_HLB,B:D60K;B:V64A;B:D65T,steer,0.00017,3,B:D60K;B:V64A;B:D65T
5JZ7_HLB,B:D60K;B:V64E;B:D65S,steer,0.00017,3,B:D60K;B:V64E;B:D65S
5JZ7_HLB,B:D60K;B:V64S;B:D65T,steer,0.00017,3,B:D60K;B:V64S;B:D65T
5JZ7_HLB,B:D60K;B:V64T;B:D65T,steer,0.00017,3,B:D60K;B:V64T;B:D65T
5KZC_HLA,A:A33D;A:E34N;A:V78S,steer,7e-05,3,A:A33D;A:E34N;A:V78S
5KZC_HLA,A:A33D;A:E34S;A:M45Q,steer,7e-05,3,A:A33D;A:E34S;A:M45Q
5KZC_HLA,A:A33D;A:E34S;A:V78A,steer,7e-05,3,A:A33D;A:E34S;A:V78A
5KZC_HLA,A:A33D;A:E34S;A:V78T,steer,7e-05,3,A:A33D;A:E34S;A:V78T
5KZC_HLA,A:A33D;A:E34T;A:A84S,steer,7e-05,3,A:A33D;A:E34T;A:A84S
5KZC_HLA,A:A33D;A:E34T;A:A84T,steer,7e-05,3,A:A33D;A:E34T;A:A84T
5LJY_HLA,A:A90C;A:E95A,steer,0.00011,2,A:A90C;A:E95A
5LJY_HLA,A:A90C;A:E95D,steer,0.00011,2,A:A90C;A:E95D
5LJY_HLA,A:A90C;A:E95N,steer,0.00011,2,A:A90C;A:E95N
5LJY_HLA,A:A90C;A:E95S,steer,0.00011,2,A:A90C;A:E95S
5LJY_HLA,A:A90C;A:G234A,steer,0.00011,2,A:A90C;A:G234A
5LJY_HLA,A:A90C;A:G234C,steer,0.00011,2,A:A90C;A:G234C
5M2M_NM,M:A109E;M:E110S;M:R138F,steer,0.00021,3,M:A109E;M:E110S;M:R138F
5M2M_NM,M:A109E;M:E110T;M:R138F,steer,0.00021,3,M:A109E;M:E110T;M:R138F
5M2M_NM,M:A109E;M:K112A;M:R138A,steer,0.00021,3,M:A109E;M:K112A;M:R138A
5M2M_NM,M:A109E;M:K112A;M:R138F,steer,0.00021,3,M:A109E;M:K112A;M:R138F
5M2M_NM,M:A109E;M:K112D;M:R138A,steer,0.00021,3,M:A109E;M:K112D;M:R138A
5M2M_NM,M:A109E;M:K112D;M:R138F,steer,0.00021,3,M:A109E;M:K112D;M:R138F
5MEV_HLA,A:A204D;A:F318Y;A:V321K,steer,0.00042,3,A:A204D;A:F318Y;A:V321K
5MEV_HLA,A:A204D;A:H320N;A:V321K,steer,0.00042,3,A:A204D;A:H320N;A:V321K
5MEV_HLA,A:A204D;A:H320S;A:V321K,steer,0.00042,3,A:A204D;A:H320S;A:V321K
5MEV_HLA,A:A204E;A:E317D;A:V321K,steer,0.00042,3,A:A204E;A:E317D;A:V321K
5MEV_HLA,A:A204E;A:F318H;A:H320S,steer,0.00042,3,A:A204E;A:F318H;A:H320S
5MEV_HLA,A:A204E;A:F318H;A:V321E,steer,0.00042,3,A:A204E;A:F318H;A:V321E
5MVZ_HLU,U:D75E;U:S84F;U:P87F,steer,0.00035,3,U:D75E;U:S84F;U:P87F
5MVZ_HLU,U:D75G;U:S84F;U:P87F,steer,0.00035,3,U:D75G;U:S84F;U:P87F
5MVZ_HLU,U:E64D;U:D75G;U:S84F,steer,0.00035,3,U:E64D;U:D75G;U:S84F
5MVZ_HLU,U:E64D;U:S84F;U:P87F,steer,0.00035,3,U:E64D;U:S84F;U:P87F
5MVZ_HLU,U:E64G;U:D75E;U:S84F,steer,0.00035,3,U:E64G;U:D75E;U:S84F
5MVZ_HLU,U:E64G;U:D75G;U:S84F,steer,0.00035,3,U:E64G;U:D75G;U:S84F
5MZV_DA,A:D40A;A:G83S;A:K217S,steer,0.0002,3,A:D40A;A:G83S;A:K217S
5MZV_DA,A:D40A;A:Q64N;A:D115S,steer,0.0002,3,A:D40A;A:Q64N;A:D115S
5MZV_DA,A:D40A;A:Q64N;A:G83S,steer,0.0002,3,A:D40A;A:Q64N;A:G83S
5MZV_DA,A:D40A;A:Q64N;A:K217S,steer,0.0002,3,A:D40A;A:Q64N;A:K217S
5MZV_DA,A:D40A;A:Q64N;A:N184E,steer,0.0002,3,A:D40A;A:Q64N;A:N184E
5MZV_DA,A:D40A;A:Q64N;A:N184K,steer,0.0002,3,A:D40A;A:Q64N;A:N184K
5O14_HLA,A:D160A;A:A217D;A:V243E,steer,0.00057,3,A:D160A;A:A217D;A:V243E
5O14_HLA,A:D160A;A:E188A;A:Q216D,steer,0.00057,3,A:D160A;A:E188A;A:Q216D
5O14_HLA,A:D160A;A:E188A;A:V243A,steer,0.00057,3,A:D160A;A:E188A;A:V243A
5O14_HLA,A:D160A;A:E188A;A:V243D,steer,0.00057,3,A:D160A;A:E188A;A:V243D
5O14_HLA,A:D160A;A:E188A;A:V243E,steer,0.00057,3,A:D160A;A:E188A;A:V243E
5O14_HLA,A:D160A;A:E188G;A:Q216D,steer,0.00057,3,A:D160A;A:E188G;A:Q216D
5T1D_HLB,B:A132C;B:R135C,steer,0.00011,2,B:A132C;B:R135C
5T1D_HLB,B:A132C;B:R135D,steer,0.00011,2,B:A132C;B:R135D
5T1D_HLB,B:A132C;B:R135E,steer,0.00011,2,B:A132C;B:R135E
5T1D_HLB,B:A132D;B:R135C,steer,0.00011,2,B:A132D;B:R135C
5T1D_HLB,B:A132D;B:R135D,steer,0.00011,2,B:A132D;B:R135D
5T1D_HLB,B:A132D;B:R135E,steer,0.00011,2,B:A132D;B:R135E
5T5N_MLC,C:K355R;C:R356K;C:P357K,steer,0.00189,3,C:K355R;C:R356K;C:P357K
5T5N_MLC,C:L336K;C:Q344R;C:K355R,steer,0.00189,3,C:L336K;C:Q344R;C:K355R
5T5N_MLC,C:L336K;C:Q344R;C:R356K,steer,0.00189,3,C:L336K;C:Q344R;C:R356K
5T5N_MLC,C:L336K;C:Q344R;C:Y354K,steer,0.00189,3,C:L336K;C:Q344R;C:Y354K
5T5N_MLC,C:L336K;C:Q344R;C:Y354L,steer,0.00189,3,C:L336K;C:Q344R;C:Y354L
5T5N_MLC,C:L336K;C:Q344R;C:Y354N,steer,0.00189,3,C:L336K;C:Q344R;C:Y354N
5UGY_HLA,A:T133N;A:G189A;A:E198N,steer,0.03333,3,A:T133N;A:G189A;A:E198N
5UGY_HLA,A:T133N;A:G189A;A:E198S,steer,0.03333,3,A:T133N;A:G189A;A:E198S
5UGY_HLA,A:T133N;A:G189A;A:E198T,steer,0.03333,3,A:T133N;A:G189A;A:E198T
5UGY_HLA,A:G189A;A:E198N,steer,0.00769,2,A:G189A;A:E198N
5UGY_HLA,A:G189A;A:E198S,steer,0.00769,2,A:G189A;A:E198S
5UGY_HLA,A:G189A;A:E198T,steer,0.00769,2,A:G189A;A:E198T
5UK4_bB,B:A368L;B:D374T;B:V376D,steer,7e-05,3,B:A368L;B:D374T;B:V376D
5UK4_bB,B:A368L;B:P369A;B:Q371S,steer,7e-05,3,B:A368L;B:P369A;B:Q371S
5UK4_bB,B:A368L;B:P369S;B:Q371S,steer,7e-05,3,B:A368L;B:P369S;B:Q371S
5UK4_bB,B:A368L;B:P369T;B:Q371S,steer,7e-05,3,B:A368L;B:P369T;B:Q371S
5UK4_bB,B:A368L;B:Q371A;B:D374T,steer,7e-05,3,B:A368L;B:Q371A;B:D374T
5UK4_bB,B:A368L;B:Q371A;B:V376A,steer,7e-05,3,B:A368L;B:Q371A;B:V376A
5VIC_HLE,E:Y299I;E:T329E;E:Q340E,steer,0.00213,3,E:Y299I;E:T329E;E:Q340E
5VIC_HLE,E:Y299K;E:Q340A,steer,0.00213,2,E:Y299K;E:Q340A
5VIC_HLE,E:Y299K;E:Q340A;E:E384G,steer,0.00213,3,E:Y299K;E:Q340A;E:E384G
5VIC_HLE,E:Y299K;E:Q340D,steer,0.00213,2,E:Y299K;E:Q340D
5VIC_HLE,E:Y299K;E:Q340D;E:E384G,steer,0.00213,3,E:Y299K;E:Q340D;E:E384G
5VIC_HLE,E:Y299K;E:Q340E,steer,0.00213,2,E:Y299K;E:Q340E
5VIG_HLZ,Z:Y305M;Z:D348E;Z:G392Y,steer,0.00213,3,Z:Y305M;Z:D348E;Z:G392Y
5VIG_HLZ,Z:Y305M;Z:D348H;Z:E393Q,steer,0.00213,3,Z:Y305M;Z:D348H;Z:E393Q
5VIG_HLZ,Z:Y305M;Z:D348H;Z:G392A,steer,0.00213,3,Z:Y305M;Z:D348H;Z:G392A
5VIG_HLZ,Z:Y305M;Z:D348H;Z:G392N,steer,0.00213,3,Z:Y305M;Z:D348H;Z:G392N
5VIG_HLZ,Z:Y305M;Z:D348H;Z:G392V,steer,0.00213,3,Z:Y305M;Z:D348H;Z:G392V
5VIG_HLZ,Z:Y305M;Z:D348N;Z:G392Y,steer,0.00213,3,Z:Y305M;Z:D348N;Z:G392Y
5W0K_HLA,A:D190E;A:E280A;A:Q503A,steer,9e-05,3,A:D190E;A:E280A;A:Q503A
5W0K_HLA,A:D190E;A:E280S;A:Q503A,steer,9e-05,3,A:D190E;A:E280S;A:Q503A
5W0K_HLA,A:D190E;A:E282L;A:Q503A,steer,9e-05,3,A:D190E;A:E282L;A:Q503A
5W0K_HLA,A:D190E;A:E282L;A:Q503E,steer,9e-05,3,A:D190E;A:E282L;A:Q503E
5W0K_HLA,A:D190E;A:E282L;A:Q503P,steer,9e-05,3,A:D190E;A:E282L;A:Q503P
5W0K_HLA,A:D190E;A:E282L;A:Q503S,steer,9e-05,3,A:D190E;A:E282L;A:Q503S
5X2Q_HLA,A:D227A;A:E229G;A:Q254A,steer,0.00154,3,A:D227A;A:E229G;A:Q254A
5X2Q_HLA,A:D227E;A:E229G,steer,0.00154,2,A:D227E;A:E229G
5X2Q_HLA,A:D227E;A:E229G;A:E253A,steer,0.00154,3,A:D227E;A:E229G;A:E253A
5X2Q_HLA,A:D227E;A:E229G;A:E253D,steer,0.00154,3,A:D227E;A:E229G;A:E253D
5X2Q_HLA,A:D227E;A:E229G;A:K460D,steer,0.00154,3,A:D227E;A:E229G;A:K460D
5X2Q_HLA,A:D227E;A:E229G;A:K460E,steer,0.00154,3,A:D227E;A:E229G;A:K460E
6AJ9_HLC,C:D76S;C:D208G,steer,0.00055,2,C:D76S;C:D208G
6AJ9_HLC,C:D76S;C:P203E;C:D208A,steer,0.00055,3,C:D76S;C:P203E;C:D208A
6AJ9_HLC,C:D76S;C:P203E;C:D208G,steer,0.00055,3,C:D76S;C:P203E;C:D208G
6AJ9_HLC,C:E59A;C:D208G,steer,0.00055,2,C:E59A;C:D208G
6AJ9_HLC,C:E59A;C:D76E;C:D208A,steer,0.00055,3,C:E59A;C:D76E;C:D208A
6AJ9_HLC,C:E59A;C:D76E;C:D208G,steer,0.00055,3,C:E59A;C:D76E;C:D208G
6E1K_DCB,B:G58A;B:S144F;B:D373A,steer,0.00075,3,B:G58A;B:S144F;B:D373A
6E1K_DCB,B:G58A;B:S144F;B:D373E,steer,0.00075,3,B:G58A;B:S144F;B:D373E
6E1K_DCB,B:G58A;B:S144F;B:D386E,steer,0.00075,3,B:G58A;B:S144F;B:D386E
6E1K_DCB,B:G58A;B:S144F;B:K338A,steer,0.00075,3,B:G58A;B:S144F;B:K338A
6E1K_DCB,B:G58A;B:S144F;B:N339D,steer,0.00075,3,B:G58A;B:S144F;B:N339D
6E1K_DCB,B:G58A;B:S144F;B:S336A,steer,0.00075,3,B:G58A;B:S144F;B:S336A
6E62_HLP,P:D321G;P:D390E;P:D415G,steer,0.00019,3,P:D321G;P:D390E;P:D415G
6E62_HLP,P:D321G;P:D390K;P:D415G,steer,0.00019,3,P:D321G;P:D390K;P:D415G
6E62_HLP,P:D321G;P:D390K;P:D415S,steer,0.00019,3,P:D321G;P:D390K;P:D415S
6E62_HLP,P:D321G;P:D390N;P:D415G,steer,0.00019,3,P:D321G;P:D390N;P:D415G
6E62_HLP,P:D321G;P:D390N;P:D415S,steer,0.00019,3,P:D321G;P:D390N;P:D415S
6E62_HLP,P:D321G;P:D390S;P:D415G,steer,0.00019,3,P:D321G;P:D390S;P:D415G
6EJM_HB,B:F186S;B:G200A;B:H203K,steer,0.00022,3,B:F186S;B:G200A;B:H203K
6EJM_HB,B:F186S;B:G200C;B:H203K,steer,0.00022,3,B:F186S;B:G200C;B:H203K
6EJM_HB,B:F186S;B:G200D;B:H203K,steer,0.00022,3,B:F186S;B:G200D;B:H203K
6EJM_HB,B:F186S;B:G200E;B:H203K,steer,0.00022,3,B:F186S;B:G200E;B:H203K
6EJM_HB,B:F186S;B:G200E;B:H203N,steer,0.00022,3,B:F186S;B:G200E;B:H203N
6EJM_HB,B:F186S;B:G200F;B:H203K,steer,0.00022,3,B:F186S;B:G200F;B:H203K
6FLA_HLI,I:D329A;I:D362G;I:P384E,steer,0.00109,3,I:D329A;I:D362G;I:P384E
6FLA_HLI,I:D329A;I:D362G;I:P384K,steer,0.00109,3,I:D329A;I:D362G;I:P384K
6FLA_HLI,I:D329A;I:R345K;I:P384K,steer,0.00109,3,I:D329A;I:R345K;I:P384K
6FLA_HLI,I:D329E;I:D362G;I:P384E,steer,0.00109,3,I:D329E;I:D362G;I:P384E
6FLA_HLI,I:D329E;I:D362G;I:P384K,steer,0.00109,3,I:D329E;I:D362G;I:P384K
6FLA_HLI,I:D329E;I:R345K;I:D362G,steer,0.00109,3,I:D329E;I:R345K;I:D362G
6FLB_HLG,G:D329E;G:R345K;G:P384E,steer,0.00043,3,G:D329E;G:R345K;G:P384E
6FLB_HLG,G:D329E;G:R345K;G:P384K,steer,0.00043,3,G:D329E;G:R345K;G:P384K
6FLB_HLG,G:D329E;G:R345N;G:P384E,steer,0.00043,3,G:D329E;G:R345N;G:P384E
6FLB_HLG,G:D329E;G:R345N;G:P384K,steer,0.00043,3,G:D329E;G:R345N;G:P384K
6FLB_HLG,G:D329S;G:R345K;G:P384E,steer,0.00043,3,G:D329S;G:R345K;G:P384E
6FLB_HLG,G:D329S;G:R345K;G:P384K,steer,0.00043,3,G:D329S;G:R345K;G:P384K
6FY1_HLG,G:A174D;G:F176A;G:Y177A,steer,8e-05,3,G:A174D;G:F176A;G:Y177A
6FY1_HLG,G:A174D;G:F176A;G:Y177D,steer,8e-05,3,G:A174D;G:F176A;G:Y177D
6FY1_HLG,G:A174D;G:F176A;G:Y177E,steer,8e-05,3,G:A174D;G:F176A;G:Y177E
6FY1_HLG,G:A174D;G:F176D;G:Y177A,steer,8e-05,3,G:A174D;G:F176D;G:Y177A
6FY1_HLG,G:A174D;G:F176D;G:Y177D,steer,8e-05,3,G:A174D;G:F176D;G:Y177D
6FY1_HLG,G:A174D;G:F176D;G:Y177E,steer,8e-05,3,G:A174D;G:F176D;G:Y177E
6G8R_AB,B:A723S;B:K736R;B:E737S,steer,0.00238,3,B:A723S;B:K736R;B:E737S
6G8R_AB,B:E737S;B:S738L;B:P739S,steer,0.00238,3,B:E737S;B:S738L;B:P739S
6G8R_AB,B:K736R;B:E737S;B:P739S,steer,0.00238,3,B:K736R;B:E737S;B:P739S
6G8R_AB,B:K736R;B:E737S;B:S738L,steer,0.00238,3,B:K736R;B:E737S;B:S738L
6G8R_AB,B:R688D;B:A723K;B:E737S,steer,0.00238,3,B:R688D;B:A723K;B:E737S
6G8R_AB,B:R688D;B:A723S;B:E737Q,steer,0.00238,3,B:R688D;B:A723S;B:E737Q
6GJU_CA,A:A462S;A:F494A;A:L581A,steer,0.00024,3,A:A462S;A:F494A;A:L581A
6GJU_CA,A:A462S;A:F494A;A:L581E,steer,0.00024,3,A:A462S;A:F494A;A:L581E
6GJU_CA,A:A462S;A:F494A;A:P638E,steer,0.00024,3,A:A462S;A:F494A;A:P638E
6GJU_CA,A:A462S;A:F494A;A:S624A,steer,0.00024,3,A:A462S;A:F494A;A:S624A
6GJU_CA,A:A462S;A:F494C;A:G576A,steer,0.00024,3,A:A462S;A:F494C;A:G576A
6GJU_CA,A:A462S;A:F494D;A:E621D,steer,0.00024,3,A:A462S;A:F494D;A:E621D
6GK4_BA,A:F494A;A:G576A;A:L581D,steer,0.00043,3,A:F494A;A:G576A;A:L581D
6GK4_BA,A:F494A;A:G576A;A:L581F,steer,0.00043,3,A:F494A;A:G576A;A:L581F
6GK4_BA,A:F494A;A:G576A;A:L636E,steer,0.00043,3,A:F494A;A:G576A;A:L636E
6GK4_BA,A:F494A;A:G576A;A:N635E,steer,0.00043,3,A:F494A;A:G576A;A:N635E
6GK4_BA,A:F494A;A:G576A;A:Q634A,steer,0.00043,3,A:F494A;A:G576A;A:Q634A
6GK4_BA,A:F494A;A:G576A;A:Q634D,steer,0.00043,3,A:F494A;A:G576A;A:Q634D
6GLW_HLA,A:A71S;A:Q74K;A:D113P,steer,0.00047,3,A:A71S;A:Q74K;A:D113P
6GLW_HLA,A:A71S;A:Q74K;A:D113S,steer,0.00047,3,A:A71S;A:Q74K;A:D113S
6GLW_HLA,A:E47D;A:P97E;A:D113S,steer,0.00047,3,A:E47D;A:P97E;A:D113S
6GLW_HLA,A:E47D;A:Q74K;A:D113P,steer,0.00047,3,A:E47D;A:Q74K;A:D113P
6GLW_HLA,A:E47D;A:Q74K;A:D113S,steer,0.00047,3,A:E47D;A:Q74K;A:D113S
6GLW_HLA,A:E47D;A:Y69K;A:A71S,steer,0.00047,3,A:E47D;A:Y69K;A:A71S
6HGA_HLB,B:A424D,steer,0.00018,1,B:A424D
6HGA_HLB,B:A424D;B:E468N,steer,0.00018,2,B:A424D;B:E468N
6HGA_HLB,B:A424D;B:E468Q,steer,0.00018,2,B:A424D;B:E468Q
6HGA_HLB,B:A424D;B:F469M,steer,0.00018,2,B:A424D;B:F469M
6HGA_HLB,B:A424D;B:F469Y,steer,0.00018,2,B:A424D;B:F469Y
6HGA_HLB,B:A424D;B:H465D,steer,0.00018,2,B:A424D;B:H465D
6HHC_HLA,A:E453A;A:L524E;A:D526G,steer,0.00045,3,A:E453A;A:L524E;A:D526G
6HHC_HLA,A:E453A;A:R525D;A:D526G,steer,0.00045,3,A:E453A;A:R525D;A:D526G
6HHC_HLA,A:E453D;A:K455N;A:D526G,steer,0.00045,3,A:E453D;A:K455N;A:D526G
6HHC_HLA,A:E453D;A:K455T;A:D526G,steer,0.00045,3,A:E453D;A:K455T;A:D526G
6HHC_HLA,A:E453D;A:L524D;A:D526G,steer,0.00045,3,A:E453D;A:L524D;A:D526G
6HHC_HLA,A:E453D;A:L524E;A:R525D,steer,0.00045,3,A:E453D;A:L524E;A:R525D
6HX4_HLB,B:Q212A;B:V213D;B:K234D,steer,0.00074,3,B:Q212A;B:V213D;B:K234D
6HX4_HLB,B:Q212A;B:V213D;B:K234E,steer,0.00074,3,B:Q212A;B:V213D;B:K234E
6HX4_HLB,B:Q212A;B:V213E;B:K234D,steer,0.00074,3,B:Q212A;B:V213E;B:K234D
6HX4_HLB,B:Q212A;B:V213E;B:K234E,steer,0.00074,3,B:Q212A;B:V213E;B:K234E
6HX4_HLB,B:Q212D;B:K233D;B:K234D,steer,0.00074,3,B:Q212D;B:K233D;B:K234D
6HX4_HLB,B:Q212D;B:K233D;B:K234E,steer,0.00074,3,B:Q212D;B:K233D;B:K234E
6HXW_HLA,A:A107K;A:D168E;A:T209S,steer,0.00026,3,A:A107K;A:D168E;A:T209S
6HXW_HLA,A:A107K;A:D168K;A:T209S,steer,0.00026,3,A:A107K;A:D168K;A:T209S
6HXW_HLA,A:A107K;A:D168N;A:S319A,steer,0.00026,3,A:A107K;A:D168N;A:S319A
6HXW_HLA,A:A107K;A:D168N;A:T209E,steer,0.00026,3,A:A107K;A:D168N;A:T209E
6HXW_HLA,A:A107K;A:D168N;A:T209K,steer,0.00026,3,A:A107K;A:D168N;A:T209K
6HXW_HLA,A:A107K;A:D168N;A:T209Q,steer,0.00026,3,A:A107K;A:D168N;A:T209Q
6IEB_HLA,A:A137E;A:E240F,steer,0.00017,2,A:A137E;A:E240F
6IEB_HLA,A:A137K;A:E240F,steer,0.00017,2,A:A137K;A:E240F
6IEB_HLA,A:A137P;A:E240A,steer,0.00017,2,A:A137P;A:E240A
6IEB_HLA,A:A137P;A:E240C,steer,0.00017,2,A:A137P;A:E240C
6IEB_HLA,A:A137P;A:S138A,steer,0.00017,2,A:A137P;A:S138A
6IEB_HLA,A:A137P;A:S138D,steer,0.00017,2,A:A137P;A:S138D
6IW2_KLJ,J:E79D;J:H81T;J:E84V,steer,0.00028,3,J:E79D;J:H81T;J:E84V
6IW2_KLJ,J:E79I;J:H81T;J:E84V,steer,0.00028,3,J:E79I;J:H81T;J:E84V
6IW2_KLJ,J:E79K;J:H81K;J:E84V,steer,0.00028,3,J:E79K;J:H81K;J:E84V
6IW2_KLJ,J:E79K;J:H81T;J:E84V,steer,0.00028,3,J:E79K;J:H81T;J:E84V
6IW2_KLJ,J:E79T;J:H81K;J:E84V,steer,0.00028,3,J:E79T;J:H81K;J:E84V
6IW2_KLJ,J:E79T;J:H81S;J:E84V,steer,0.00028,3,J:E79T;J:H81S;J:E84V
6J11_HLA,A:G22L;A:P23S;A:K27S,steer,0.0006,3,A:G22L;A:P23S;A:K27S
6J11_HLA,A:Y18M;A:D20A;A:G22W,steer,0.0006,3,A:Y18M;A:D20A;A:G22W
6J11_HLA,A:Y18M;A:D20A;A:T212K,steer,0.0006,3,A:Y18M;A:D20A;A:T212K
6J11_HLA,A:Y18M;A:D20A;A:V21M,steer,0.0006,3,A:Y18M;A:D20A;A:V21M
6J11_HLA,A:Y18M;A:D20E;A:G22C,steer,0.0006,3,A:Y18M;A:D20E;A:G22C
6J11_HLA,A:Y18M;A:D20E;A:G22W,steer,0.0006,3,A:Y18M;A:D20E;A:G22W
6KN9_EB,B:D107A;B:D164E;B:V282D,steer,0.0002,3,B:D107A;B:D164E;B:V282D
6KN9_EB,B:D107A;B:D164F;B:V282D,steer,0.0002,3,B:D107A;B:D164F;B:V282D
6KN9_EB,B:D107A;B:D164F;B:V282E,steer,0.0002,3,B:D107A;B:D164F;B:V282E
6KN9_EB,B:D107A;B:D246E;B:V282D,steer,0.0002,3,B:D107A;B:D246E;B:V282D
6KN9_EB,B:D107A;B:D246E;B:V282E,steer,0.0002,3,B:D107A;B:D246E;B:V282E
6KN9_EB,B:D107A;B:V282D;B:F283D,steer,0.0002,3,B:D107A;B:V282D;B:F283D
6KNM_AB,B:D92G;B:E174D;B:M187S,steer,6e-05,3,B:D92G;B:E174D;B:M187S
6KNM_AB,B:D92G;B:E174D;B:P280D,steer,6e-05,3,B:D92G;B:E174D;B:P280D
6KNM_AB,B:D92G;B:E174D;B:V191E,steer,6e-05,3,B:D92G;B:E174D;B:V191E
6KNM_AB,B:D92G;B:E174N;B:H278D,steer,6e-05,3,B:D92G;B:E174N;B:H278D
6KNM_AB,B:D92G;B:E174N;B:M187A,steer,6e-05,3,B:D92G;B:E174N;B:M187A
6KNM_AB,B:D92G;B:E174N;B:M187P,steer,6e-05,3,B:D92G;B:E174N;B:M187P
6KZ0_KLJ,J:G-1A;J:G1S;J:T153E,steer,0.00063,3,J:G-1A;J:G1S;J:T153E
6KZ0_KLJ,J:G-1A;J:G1Y;J:T153D,steer,0.00063,3,J:G-1A;J:G1Y;J:T153D
6KZ0_KLJ,J:G-1A;J:G88A;J:T153D,steer,0.00063,3,J:G-1A;J:G88A;J:T153D
6KZ0_KLJ,J:G-1A;J:G88F;J:T153D,steer,0.00063,3,J:G-1A;J:G88F;J:T153D
6KZ0_KLJ,J:G-1A;J:R12Q;J:T153D,steer,0.00063,3,J:G-1A;J:R12Q;J:T153D
6KZ0_KLJ,J:G-1A;J:S0A;J:T153D,steer,0.00063,3,J:G-1A;J:S0A;J:T153D
6LGW_CF,F:G349A;F:P367D;F:Q383E,steer,0.00021,3,F:G349A;F:P367D;F:Q383E
6LGW_CF,F:G349D;F:P367D;F:Q382E,steer,0.00021,3,F:G349D;F:P367D;F:Q382E
6LGW_CF,F:G349D;F:P367D;F:Q383E,steer,0.00021,3,F:G349D;F:P367D;F:Q383E
6LGW_CF,F:G349D;F:P367E;F:Q383E,steer,0.00021,3,F:G349D;F:P367E;F:Q383E
6LGW_CF,F:G349D;F:Q382E;F:Q383E,steer,0.00021,3,F:G349D;F:Q382E;F:Q383E
6LGW_CF,F:G349E;F:P367D;F:Q382E,steer,0.00021,3,F:G349E;F:P367D;F:Q382E
6LZ9_HLB,B:D591G;B:K609G;B:H682D,steer,0.00014,3,B:D591G;B:K609G;B:H682D
6LZ9_HLB,B:D591N;B:D592E;B:D626P,steer,0.00014,3,B:D591N;B:D592E;B:D626P
6LZ9_HLB,B:D591N;B:D592E;B:D626S,steer,0.00014,3,B:D591N;B:D592E;B:D626S
6LZ9_HLB,B:D591N;B:D592E;B:L622K,steer,0.00014,3,B:D591N;B:D592E;B:L622K
6LZ9_HLB,B:D591N;B:D592E;B:L622S,steer,0.00014,3,B:D591N;B:D592E;B:L622S
6LZ9_HLB,B:D591N;B:D592E;B:M684E,steer,0.00014,3,B:D591N;B:D592E;B:M684E
6MLK_HLA,A:G174A;A:M179A;A:N180A,steer,0.0005,3,A:G174A;A:M179A;A:N180A
6MLK_HLA,A:G174A;A:M179A;A:N180D,steer,0.0005,3,A:G174A;A:M179A;A:N180D
6MLK_HLA,A:G174A;A:M179A;A:N180E,steer,0.0005,3,A:G174A;A:M179A;A:N180E
6MLK_HLA,A:G174A;A:M179D;A:N180A,steer,0.0005,3,A:G174A;A:M179D;A:N180A
6MLK_HLA,A:G174A;A:M179D;A:N180D,steer,0.0005,3,A:G174A;A:M179D;A:N180D
6MLK_HLA,A:G174A;A:M179E;A:N180A,steer,0.0005,3,A:G174A;A:M179E;A:N180A
6MLM_KLH,H:F141Y;H:T142I;H:Y143F,steer,0.00085,3,H:F141Y;H:T142I;H:Y143F
6MLM_KLH,H:F141Y;H:T142V;H:Y143F,steer,0.00085,3,H:F141Y;H:T142V;H:Y143F
6MLM_KLH,H:F141Y;H:Y143F;H:G214T,steer,0.00085,3,H:F141Y;H:Y143F;H:G214T
6MLM_KLH,H:G140D;H:T142I;H:Y143F,steer,0.00085,3,H:G140D;H:T142I;H:Y143F
6MLM_KLH,H:G140D;H:T142V;H:Y143F,steer,0.00085,3,H:G140D;H:T142V;H:Y143F
6MLM_KLH,H:G140D;H:Y143F;H:G214S,steer,0.00085,3,H:G140D;H:Y143F;H:G214S
6MVL_HLA,A:D65E;A:H153D;A:H155D,steer,0.00092,3,A:D65E;A:H153D;A:H155D
6MVL_HLA,A:D65G;A:H153D;A:H155D,steer,0.00092,3,A:D65G;A:H153D;A:H155D
6MVL_HLA,A:D96A;A:H153D;A:H155D,steer,0.00092,3,A:D96A;A:H153D;A:H155D
6MVL_HLA,A:D96E;A:H153D;A:H155D,steer,0.00092,3,A:D96E;A:H153D;A:H155D
6MVL_HLA,A:D96G;A:H153D;A:H154E,steer,0.00092,3,A:D96G;A:H153D;A:H154E
6MVL_HLA,A:D96G;A:H153D;A:H155D,steer,0.00092,3,A:D96G;A:H153D;A:H155D
6N5B_HLB,B:D100N;B:Q102E;B:W218F,steer,0.0003,3,B:D100N;B:Q102E;B:W218F
6N5B_HLB,B:D100N;B:W218F;B:R220N,steer,0.0003,3,B:D100N;B:W218F;B:R220N
6N5B_HLB,B:N133A;B:W218F;B:R220K,steer,0.0003,3,B:N133A;B:W218F;B:R220K
6N5B_HLB,B:N133A;B:W218L;B:R220K,steer,0.0003,3,B:N133A;B:W218L;B:R220K
6N5B_HLB,B:N133D;B:W218F;B:R220N,steer,0.0003,3,B:N133D;B:W218F;B:R220N
6N5B_HLB,B:N133D;B:W218L;B:R220N,steer,0.0003,3,B:N133D;B:W218L;B:R220N
6OQ6_DA,A:D1361G;A:G1371D;A:S1387G,steer,0.00026,3,A:D1361G;A:G1371D;A:S1387G
6OQ6_DA,A:D1361G;A:G1371E;A:S1387G,steer,0.00026,3,A:D1361G;A:G1371E;A:S1387G
6OQ6_DA,A:D1361G;A:G1371K;A:S1387G,steer,0.00026,3,A:D1361G;A:G1371K;A:S1387G
6OQ6_DA,A:D1361G;A:G1371N;A:S1387G,steer,0.00026,3,A:D1361G;A:G1371N;A:S1387G
6OQ6_DA,A:D1361G;A:G1371S;A:S1387G,steer,0.00026,3,A:D1361G;A:G1371S;A:S1387G
6OQ6_DA,A:D1361G;A:S1377K;A:S1387G,steer,0.00026,3,A:D1361G;A:S1377K;A:S1387G
6OSH_HLK,K:H344N;K:D354A;K:G369D,steer,0.00043,3,K:H344N;K:D354A;K:G369D
6OSH_HLK,K:H344N;K:H349R;K:L350F,steer,0.00043,3,K:H344N;K:H349R;K:L350F
6OSH_HLK,K:H344N;K:H349S;K:L350F,steer,0.00043,3,K:H344N;K:H349S;K:L350F
6OSH_HLK,K:H344N;K:L350F;K:D354S,steer,0.00043,3,K:H344N;K:L350F;K:D354S
6OSH_HLK,K:H344N;K:L350F;K:G369D,steer,0.00043,3,K:H344N;K:L350F;K:G369D
6OSH_HLK,K:H344N;K:L350F;K:T353S,steer,0.00043,3,K:H344N;K:L350F;K:T353S
6PLK_HLE,E:S304D;E:Y305L;E:Q350A,steer,0.00101,3,E:S304D;E:Y305L;E:Q350A
6PLK_HLE,E:S304D;E:Y305L;E:Q350S,steer,0.00101,3,E:S304D;E:Y305L;E:Q350S
6PLK_HLE,E:S304D;E:Y305L;E:Q350T,steer,0.00101,3,E:S304D;E:Y305L;E:Q350T
6PLK_HLE,E:S304E;E:Y305L;E:Q350A,steer,0.00101,3,E:S304E;E:Y305L;E:Q350A
6PLK_HLE,E:S304E;E:Y305L;E:Q350S,steer,0.00101,3,E:S304E;E:Y305L;E:Q350S
6PLK_HLE,E:S304E;E:Y305L;E:Q350T,steer,0.00101,3,E:S304E;E:Y305L;E:Q350T
6QX4_CA,A:A275D;A:K406I;A:N431G,steer,0.00017,3,A:A275D;A:K406I;A:N431G
6QX4_CA,A:A275D;A:L317V;A:Q318K,steer,0.00017,3,A:A275D;A:L317V;A:Q318K
6QX4_CA,A:A275D;A:Q318K;A:D402S,steer,0.00017,3,A:A275D;A:Q318K;A:D402S
6QX4_CA,A:A275D;A:Q318K;A:D402V,steer,0.00017,3,A:A275D;A:Q318K;A:D402V
6QX4_CA,A:A275D;A:Q318K;A:G334N,steer,0.00017,3,A:A275D;A:Q318K;A:G334N
6QX4_CA,A:A275D;A:Q318K;A:G334S,steer,0.00017,3,A:A275D;A:Q318K;A:G334S
6QX4_DA,A:A247E;A:N249G;A:K286G,steer,0.00074,3,A:A247E;A:N249G;A:K286G
6QX4_DA,A:K231E;A:A247D;A:K286S,steer,0.00074,3,A:K231E;A:A247D;A:K286S
6QX4_DA,A:K231E;A:A247D;A:N249G,steer,0.00074,3,A:K231E;A:A247D;A:N249G
6QX4_DA,A:K231E;A:A247E;A:K286N,steer,0.00074,3,A:K231E;A:A247E;A:K286N
6QX4_DA,A:K231E;A:A247E;A:N249G,steer,0.00074,3,A:K231E;A:A247E;A:N249G
6QX4_DA,A:K231E;A:A247K;A:K286G,steer,0.00074,3,A:K231E;A:A247K;A:K286G
6QX4_HB,B:E234D;B:N285T;B:K286G,steer,0.00041,3,B:E234D;B:N285T;B:K286G
6QX4_HB,B:E234T;B:N285T;B:K286G,steer,0.00041,3,B:E234T;B:N285T;B:K286G
6QX4_HB,B:K231A;B:N285T;B:K286G,steer,0.00041,3,B:K231A;B:N285T;B:K286G
6QX4_HB,B:K231E;B:E234D;B:K286S,steer,0.00041,3,B:K231E;B:E234D;B:K286S
6QX4_HB,B:K231E;B:E234D;B:N249G,steer,0.00041,3,B:K231E;B:E234D;B:N249G
6QX4_HB,B:K231E;B:E234D;B:N285A,steer,0.00041,3,B:K231E;B:E234D;B:N285A
6SNI_HLX,X:A301S;X:Y322F;X:R325V,steer,0.00026,3,X:A301S;X:Y322F;X:R325V
6SNI_HLX,X:A301S;X:Y322L;X:Q329E,steer,0.00026,3,X:A301S;X:Y322L;X:Q329E
6SNI_HLX,X:A301S;X:Y322L;X:R325V,steer,0.00026,3,X:A301S;X:Y322L;X:R325V
6SNI_HLX,X:A301S;X:Y322L;X:T327D,steer,0.00026,3,X:A301S;X:Y322L;X:T327D
6SNI_HLX,X:A301S;X:Y322L;X:T327S,steer,0.00026,3,X:A301S;X:Y322L;X:T327S
6SNI_HLX,X:I304L;X:R325V;X:Q329E,steer,0.00026,3,X:I304L;X:R325V;X:Q329E
6TOU_AG,G:F41E;G:V48D;G:D190A,steer,0.0003,3,G:F41E;G:V48D;G:D190A
6TOU_AG,G:F41E;G:V48D;G:D190G,steer,0.0003,3,G:F41E;G:V48D;G:D190G
6TOU_AG,G:F41E;G:V48D;G:L227D,steer,0.0003,3,G:F41E;G:V48D;G:L227D
6TOU_AG,G:F41E;G:V48D;G:L227E,steer,0.0003,3,G:F41E;G:V48D;G:L227E
6TOU_AG,G:F41E;G:V48D;G:M243A,steer,0.0003,3,G:F41E;G:V48D;G:M243A
6TOU_AG,G:F41E;G:V48D;G:M243E,steer,0.0003,3,G:F41E;G:V48D;G:M243E
6TYL_DA,A:D370E;A:E438D;A:T442E,steer,0.00028,3,A:D370E;A:E438D;A:T442E
6TYL_DA,A:D370E;A:L371G;A:T442E,steer,0.00028,3,A:D370E;A:L371G;A:T442E
6TYL_DA,A:D370E;A:L371T;A:T442F,steer,0.00028,3,A:D370E;A:L371T;A:T442F
6TYL_DA,A:E296A;A:H321D;A:D370E,steer,0.00028,3,A:E296A;A:H321D;A:D370E
6TYL_DA,A:E296A;A:H321D;A:D439E,steer,0.00028,3,A:E296A;A:H321D;A:D439E
6TYL_DA,A:E296D;A:H321D;A:D370E,steer,0.00028,3,A:E296D;A:H321D;A:D370E
6UI1_BA,A:D469A;A:D474F;A:M531D,steer,0.00037,3,A:D469A;A:D474F;A:M531D
6UI1_BA,A:D469E;A:D474A;A:M531D,steer,0.00037,3,A:D469E;A:D474A;A:M531D
6UI1_BA,A:D469E;A:D474F;A:M531D,steer,0.00037,3,A:D469E;A:D474F;A:M531D
6UI1_BA,A:D469E;A:D474F;A:M531F,steer,0.00037,3,A:D469E;A:D474F;A:M531F
6UI1_BA,A:D469E;A:D474F;A:P532D,steer,0.00037,3,A:D469E;A:D474F;A:P532D
6UI1_BA,A:D469E;A:D474F;A:P532E,steer,0.00037,3,A:D469E;A:D474F;A:P532E
6V4N_HLN,N:D149F;N:N151D,steer,0.00013,2,N:D149F;N:N151D
6V4N_HLN,N:D149F;N:T372K,steer,0.00013,2,N:D149F;N:T372K
6V4N_HLN,N:D149F;N:T372R,steer,0.00013,2,N:D149F;N:T372R
6V4N_HLN,N:D149F;N:T436G,steer,0.00013,2,N:D149F;N:T436G
6V4N_HLN,N:D149F;N:T465K,steer,0.00013,2,N:D149F;N:T465K
6V4N_HLN,N:D149F;N:V462T,steer,0.00013,2,N:D149F;N:V462T
6VJA_HLC,C:A170F;C:N171R;C:S173M,steer,0.00049,3,C:A170F;C:N171R;C:S173M
6VJA_HLC,C:A170F;C:P172A;C:S173M,steer,0.00049,3,C:A170F;C:P172A;C:S173M
6VJA_HLC,C:A170F;C:P172D;C:S173M,steer,0.00049,3,C:A170F;C:P172D;C:S173M
6VJA_HLC,C:A170F;C:P172Q;C:S173M,steer,0.00049,3,C:A170F;C:P172Q;C:S173M
6VJA_HLC,C:A170N;C:N171R;C:S173M,steer,0.00049,3,C:A170N;C:N171R;C:S173M
6VJA_HLC,C:A170N;C:N171Y;C:S173M,steer,0.00049,3,C:A170N;C:N171Y;C:S173M
6VLW_HLG,G:D34E;G:D48E;G:D86N,steer,0.00022,3,G:D34E;G:D48E;G:D86N
6VLW_HLG,G:D34E;G:D48G;G:D86N,steer,0.00022,3,G:D34E;G:D48G;G:D86N
6VLW_HLG,G:D34E;G:D48L;G:D86N,steer,0.00022,3,G:D34E;G:D48L;G:D86N
6VLW_HLG,G:D34E;G:D48R;G:D86N,steer,0.00022,3,G:D34E;G:D48R;G:D86N
6VLW_HLG,G:D34E;G:D86N;G:D89N,steer,0.00022,3,G:D34E;G:D86N;G:D89N
6VLW_HLG,G:D34E;G:D86N;G:S88K,steer,0.00022,3,G:D34E;G:D86N;G:S88K
6VN1_HLA,A:D590A;A:N620D;A:H674D,steer,0.00021,3,A:D590A;A:N620D;A:H674D
6VN1_HLA,A:D590A;A:N620D;A:H674E,steer,0.00021,3,A:D590A;A:N620D;A:H674E
6VN1_HLA,A:D590E;A:N620D;A:H674D,steer,0.00021,3,A:D590E;A:N620D;A:H674D
6VN1_HLA,A:D590E;A:N620D;A:H674E,steer,0.00021,3,A:D590E;A:N620D;A:H674E
6VN1_HLA,A:D590G;A:G623A;A:H674D,steer,0.00021,3,A:D590G;A:G623A;A:H674D
6VN1_HLA,A:D590G;A:G623F;A:H674D,steer,0.00021,3,A:D590G;A:G623F;A:H674D
6VRQ_HLA,A:G31D;A:D99G;A:D100G,steer,0.00154,3,A:G31D;A:D99G;A:D100G
6VRQ_HLA,A:G31D;A:N53Y;A:D100G,steer,0.00154,3,A:G31D;A:N53Y;A:D100G
6VRQ_HLA,A:G31D;A:N53Y;A:D99F,steer,0.00154,3,A:G31D;A:N53Y;A:D99F
6VRQ_HLA,A:G31D;A:N53Y;A:D99G,steer,0.00154,3,A:G31D;A:N53Y;A:D99G
6VRQ_HLA,A:G31D;A:N53Y;A:I75A,steer,0.00154,3,A:G31D;A:N53Y;A:I75A
6VRQ_HLA,A:G31N;A:D99F;A:D100G,steer,0.00154,3,A:G31N;A:D99F;A:D100G
6VVU_HLA,A:A62D;A:Y74N;A:D80E,steer,0.00072,3,A:A62D;A:Y74N;A:D80E
6VVU_HLA,A:A62D;A:Y74N;A:D80G,steer,0.00072,3,A:A62D;A:Y74N;A:D80G
6VVU_HLA,A:A62E;A:Y74N;A:D80A,steer,0.00072,3,A:A62E;A:Y74N;A:D80A
6VVU_HLA,A:A62E;A:Y74N;A:D80E,steer,0.00072,3,A:A62E;A:Y74N;A:D80E
6VVU_HLA,A:A62E;A:Y74N;A:D80G,steer,0.00072,3,A:A62E;A:Y74N;A:D80G
6VVU_HLA,A:A62G;A:Y74N;A:D80A,steer,0.00072,3,A:A62G;A:Y74N;A:D80A
6VY5_HLA,A:D555E;A:G584D;A:D585G,steer,0.00024,3,A:D555E;A:G584D;A:D585G
6VY5_HLA,A:D555E;A:G584E;A:D585G,steer,0.00024,3,A:D555E;A:G584E;A:D585G
6VY5_HLA,A:D555F;A:G584D;A:D585G,steer,0.00024,3,A:D555F;A:G584D;A:D585G
6VY5_HLA,A:D555F;A:G584E;A:D585G,steer,0.00024,3,A:D555F;A:G584E;A:D585G
6VY5_HLA,A:D555G;A:G584D;A:D585G,steer,0.00024,3,A:D555G;A:G584D;A:D585G
6VY5_HLA,A:D555G;A:G584E;A:D585G,steer,0.00024,3,A:D555G;A:G584E;A:D585G
6WIT_HLI,I:E153D;I:L184C;I:R186BC,steer,0.00028,3,I:E153D;I:L184C;I:R186BC
6WIT_HLI,I:E153G;I:L184C;I:R186BC,steer,0.00028,3,I:E153G;I:L184C;I:R186BC
6WIT_HLI,I:E185D;I:E186AC;I:R186BC,steer,0.00028,3,I:E185D;I:E186AC;I:R186BC
6WIT_HLI,I:E185D;I:E186AD;I:R186BC,steer,0.00028,3,I:E185D;I:E186AD;I:R186BC
6WIT_HLI,I:E185D;I:E186C;I:R186BC,steer,0.00028,3,I:E185D;I:E186C;I:R186BC
6WIT_HLI,I:E185D;I:R186BC;I:D229A,steer,0.00028,3,I:E185D;I:R186BC;I:D229A
6WMW_HLB,B:K264A;B:R294S;B:T295G,steer,0.00034,3,B:K264A;B:R294S;B:T295G
6WMW_HLB,B:K264A;B:T295G;B:H312N,steer,0.00034,3,B:K264A;B:T295G;B:H312N
6WMW_HLB,B:K264A;B:T295G;B:K314S,steer,0.00034,3,B:K264A;B:T295G;B:K314S
6WMW_HLB,B:K264A;B:T295G;B:Q298E,steer,0.00034,3,B:K264A;B:T295G;B:Q298E
6WMW_HLB,B:K264A;B:T295G;B:Q298L,steer,0.00034,3,B:K264A;B:T295G;B:Q298L
6WMW_HLB,B:K264A;B:T295G;B:Q298V,steer,0.00034,3,B:K264A;B:T295G;B:Q298V
6WO3_HLE,E:L433A;E:Q434N;E:T439A,steer,0.00053,3,E:L433A;E:Q434N;E:T439A
6WO3_HLE,E:L433A;E:Q434S;E:T439S,steer,0.00053,3,E:L433A;E:Q434S;E:T439S
6WO3_HLE,E:L433A;E:T439S;E:Y443N,steer,0.00053,3,E:L433A;E:T439S;E:Y443N
6WO3_HLE,E:L433G;E:Q434N;E:T439A,steer,0.00053,3,E:L433G;E:Q434N;E:T439A
6WO3_HLE,E:L433G;E:Q434N;E:T439S,steer,0.00053,3,E:L433G;E:Q434N;E:T439S
6WO3_HLE,E:L433G;E:Q434S;E:T439S,steer,0.00053,3,E:L433G;E:Q434S;E:T439S
6WVZ_HLM,M:D100N;M:E167S;M:E168D,steer,0.00012,3,M:D100N;M:E167S;M:E168D
6WVZ_HLM,M:D100N;M:E167S;M:P169S,steer,0.00012,3,M:D100N;M:E167S;M:P169S
6WVZ_HLM,M:D100N;M:E168D;M:E221D,steer,0.00012,3,M:D100N;M:E168D;M:E221D
6WVZ_HLM,M:D100N;M:E168D;M:P169S,steer,0.00012,3,M:D100N;M:E168D;M:P169S
6WVZ_HLM,M:D100N;M:E168D;M:P169T,steer,0.00012,3,M:D100N;M:E168D;M:P169T
6WVZ_HLM,M:D100N;M:E168D;M:Q171L,steer,0.00012,3,M:D100N;M:E168D;M:Q171L
6XQW_HLE,E:D23N;E:E24G;E:R25S,steer,0.00024,3,E:D23N;E:E24G;E:R25S
6XQW_HLE,E:E24G;E:R25K;E:D39E,steer,0.00024,3,E:E24G;E:R25K;E:D39E
6XQW_HLE,E:E24G;E:R25K;E:D39G,steer,0.00024,3,E:E24G;E:R25K;E:D39G
6XQW_HLE,E:E24G;E:R25K;E:D39N,steer,0.00024,3,E:E24G;E:R25K;E:D39N
6XQW_HLE,E:E24G;E:R25S;E:D39E,steer,0.00024,3,E:E24G;E:R25S;E:D39E
6XQW_HLE,E:E24G;E:R25S;E:D39S,steer,0.00024,3,E:E24G;E:R25S;E:D39S
6Z06_HLA,A:F850H;A:A945G,steer,0.00021,2,A:F850H;A:A945G
6Z06_HLA,A:F850H;A:K870N,steer,0.00021,2,A:F850H;A:K870N
6Z06_HLA,A:F850H;A:K870T,steer,0.00021,2,A:F850H;A:K870T
6Z06_HLA,A:F850H;A:Q871E,steer,0.00021,2,A:F850H;A:Q871E
6Z06_HLA,A:F850H;A:Q871N,steer,0.00021,2,A:F850H;A:Q871N
6Z06_HLA,A:F850H;A:Q871S;A:A945D,steer,0.00021,3,A:F850H;A:Q871S;A:A945D
7A6O_BA,A:E1264D;A:H1268S;A:K1312D,steer,0.0004,3,A:E1264D;A:H1268S;A:K1312D
7A6O_BA,A:E1264D;A:H1268T;A:K1312D,steer,0.0004,3,A:E1264D;A:H1268T;A:K1312D
7A6O_BA,A:E1264G;A:H1268S;A:K1312D,steer,0.0004,3,A:E1264G;A:H1268S;A:K1312D
7A6O_BA,A:E1264G;A:H1268T;A:K1312D,steer,0.0004,3,A:E1264G;A:H1268T;A:K1312D
7A6O_BA,A:E1264Q;A:H1268S;A:A1464P,steer,0.0004,3,A:E1264Q;A:H1268S;A:A1464P
7A6O_BA,A:E1264Q;A:H1268T;A:K1312D,steer,0.0004,3,A:E1264Q;A:H1268T;A:K1312D
7AMS_HLB,B:D117A;B:D222E;B:A229G,steer,0.00036,3,B:D117A;B:D222E;B:A229G
7AMS_HLB,B:D117A;B:D222E;B:A229S,steer,0.00036,3,B:D117A;B:D222E;B:A229S
7AMS_HLB,B:D117A;B:D222G;B:A229G,steer,0.00036,3,B:D117A;B:D222G;B:A229G
7AMS_HLB,B:D117A;B:D222G;B:A229S,steer,0.00036,3,B:D117A;B:D222G;B:A229S
7AMS_HLB,B:D117A;B:E223D;B:A229G,steer,0.00036,3,B:D117A;B:E223D;B:A229G
7AMS_HLB,B:D117A;B:L184K;B:A229G,steer,0.00036,3,B:D117A;B:L184K;B:A229G
7B5G_DC,C:D138E;C:R182S;C:Q183T,steer,0.0003,3,C:D138E;C:R182S;C:Q183T
7B5G_DC,C:E73A;C:E74A;C:L88I,steer,0.0003,3,C:E73A;C:E74A;C:L88I
7B5G_DC,C:E73A;C:E74A;C:Q91E,steer,0.0003,3,C:E73A;C:E74A;C:Q91E
7B5G_DC,C:E73A;C:E74G;C:L88I,steer,0.0003,3,C:E73A;C:E74G;C:L88I
7B5G_DC,C:E73A;C:E74G;C:Q91E,steer,0.0003,3,C:E73A;C:E74G;C:Q91E
7B5G_DC,C:E73A;C:E74S;C:L88I,steer,0.0003,3,C:E73A;C:E74S;C:L88I
7BC6_BA,A:A213T;A:A308G;A:D310E,steer,6e-05,3,A:A213T;A:A308G;A:D310E
7BC6_BA,A:A308D;A:S309A;A:D310A,steer,6e-05,3,A:A308D;A:S309A;A:D310A
7BC6_BA,A:A308D;A:S309A;A:D310E,steer,6e-05,3,A:A308D;A:S309A;A:D310E
7BC6_BA,A:A308G;A:S309E;A:D310A,steer,6e-05,3,A:A308G;A:S309E;A:D310A
7BC6_BA,A:A308G;A:S309E;A:D310T,steer,6e-05,3,A:A308G;A:S309E;A:D310T
7BC6_BA,A:A308G;A:S309G;A:D310E,steer,6e-05,3,A:A308G;A:S309G;A:D310E
7BQ5_HLA,A:Q77S;A:N103S,steer,0.00323,2,A:Q77S;A:N103S
7BQ5_HLA,A:Q77S;A:N103S;A:G104S,steer,0.00323,3,A:Q77S;A:N103S;A:G104S
7BQ5_HLA,A:Q77S;A:N103S;A:G106S,steer,0.00323,3,A:Q77S;A:N103S;A:G106S
7BQ5_HLA,A:T76G;A:Q77A;A:N103S,steer,0.00323,3,A:T76G;A:Q77A;A:N103S
7BQ5_HLA,A:T76G;A:Q77D;A:N103S,steer,0.00323,3,A:T76G;A:Q77D;A:N103S
7BQ5_HLA,A:T76G;A:Q77E;A:N103S,steer,0.00323,3,A:T76G;A:Q77E;A:N103S
7BSC_HLA,A:E281D;A:E343K;A:N347S,steer,0.00047,3,A:E281D;A:E343K;A:N347S
7BSC_HLA,A:E281D;A:G282N;A:N347S,steer,0.00047,3,A:E281D;A:G282N;A:N347S
7BSC_HLA,A:E281D;A:S304D;A:N347K,steer,0.00047,3,A:E281D;A:S304D;A:N347K
7BSC_HLA,A:E281D;A:S304D;A:N347S,steer,0.00047,3,A:E281D;A:S304D;A:N347S
7BSC_HLA,A:E281N,steer,0.00047,1,A:E281N
7BSC_HLA,A:E281N;A:D327E;A:E343K,steer,0.00047,3,A:E281N;A:D327E;A:E343K
7C4S_HLA,A:A29N;A:A35P;A:H180D,steer,0.00051,3,A:A29N;A:A35P;A:H180D
7C4S_HLA,A:A29N;A:A35P;A:H180E,steer,0.00051,3,A:A29N;A:A35P;A:H180E
7C4S_HLA,A:A29N;A:A35S;A:H180D,steer,0.00051,3,A:A29N;A:A35S;A:H180D
7C4S_HLA,A:A29N;A:A35S;A:H180E,steer,0.00051,3,A:A29N;A:A35S;A:H180E
7C4S_HLA,A:A29N;A:G38S;A:H180D,steer,0.00051,3,A:A29N;A:G38S;A:H180D
7C4S_HLA,A:A29N;A:G38S;A:H180E,steer,0.00051,3,A:A29N;A:G38S;A:H180E
7CGW_HLP,P:E84A;P:A129S;P:K131E,steer,0.00011,3,P:E84A;P:A129S;P:K131E
7CGW_HLP,P:E84A;P:A129S;P:K131G,steer,0.00011,3,P:E84A;P:A129S;P:K131G
7CGW_HLP,P:E84A;P:A129S;P:K131S,steer,0.00011,3,P:E84A;P:A129S;P:K131S
7CGW_HLP,P:E84A;P:D85S;P:K131G,steer,0.00011,3,P:E84A;P:D85S;P:K131G
7CGW_HLP,P:E84A;P:D85S;P:K131S,steer,0.00011,3,P:E84A;P:D85S;P:K131S
7CGW_HLP,P:E84A;P:D85S;P:N116E,steer,0.00011,3,P:E84A;P:D85S;P:N116E
7CN2_GgE,E:A134S;E:Y135A;E:N138A,steer,0.00012,3,E:A134S;E:Y135A;E:N138A
7CN2_GgE,E:A134S;E:Y135A;E:N285V,steer,0.00012,3,E:A134S;E:Y135A;E:N285V
7CN2_GgE,E:A134T;E:Y135A;E:N138A,steer,0.00012,3,E:A134T;E:Y135A;E:N138A
7CN2_GgE,E:A134T;E:Y135A;E:N285V,steer,0.00012,3,E:A134T;E:Y135A;E:N285V
7CN2_GgE,E:A134V;E:N138A;E:G140A,steer,0.00012,3,E:A134V;E:N138A;E:G140A
7CN2_GgE,E:A134V;E:N138A;E:G140T,steer,0.00012,3,E:A134V;E:N138A;E:G140T
7CR5_HLA,A:D63A;A:K65T;A:Q163A,steer,9e-05,3,A:D63A;A:K65T;A:Q163A
7CR5_HLA,A:D63A;A:K65V;A:P67A,steer,9e-05,3,A:D63A;A:K65V;A:P67A
7CR5_HLA,A:D63A;A:K65V;A:Q163A,steer,9e-05,3,A:D63A;A:K65V;A:Q163A
7CR5_HLA,A:D63A;A:K65V;A:Q163E,steer,9e-05,3,A:D63A;A:K65V;A:Q163E
7CR5_HLA,A:D63A;A:K65V;A:R68A,steer,9e-05,3,A:D63A;A:K65V;A:R68A
7CR5_HLA,A:D63A;A:P67A;A:Q163A,steer,9e-05,3,A:D63A;A:P67A;A:Q163A
7FCI_HLA,A:A217S;A:E277D,steer,5e-05,2,A:A217S;A:E277D
7FCI_HLA,A:A217S;A:T219N,steer,5e-05,2,A:A217S;A:T219N
7FCI_HLA,A:D147E;A:D149S,steer,5e-05,2,A:D147E;A:D149S
7FCI_HLA,A:D147E;A:D152G,steer,5e-05,2,A:D147E;A:D152G
7FCI_HLA,A:D147E;A:F216N,steer,5e-05,2,A:D147E;A:F216N
7FCI_HLA,A:D147E;A:G148E,steer,5e-05,2,A:D147E;A:G148E
7JLK_HLB,B:S31N;B:Y91G;B:E96G,steer,0.025,3,B:S31N;B:Y91G;B:E96G
7JLK_HLB,B:S31N;B:Y91N;B:E96D,steer,0.025,3,B:S31N;B:Y91N;B:E96D
7JLK_HLB,B:S31N;B:Y91R;B:E96D,steer,0.025,3,B:S31N;B:Y91R;B:E96D
7JLK_HLB,B:V29I;B:Y91G;B:E96D,steer,0.025,3,B:V29I;B:Y91G;B:E96D
7JLK_HLB,B:E1D;B:Y91G;B:E96D,steer,0.01667,3,B:E1D;B:Y91G;B:E96D
7JLK_HLB,B:Q27K;B:Y91G;B:E96D,steer,0.01667,3,B:Q27K;B:Y91G;B:E96D
7JN5_HLF,F:A371G;F:K373S;F:R395V,steer,0.00023,3,F:A371G;F:K373S;F:R395V
7JN5_HLF,F:A371G;F:K373T;F:R395V,steer,0.00023,3,F:A371G;F:K373T;F:R395V
7JN5_HLF,F:A371G;F:R395V;F:D415G,steer,0.00023,3,F:A371G;F:R395V;F:D415G
7JN5_HLF,F:A371G;F:R395V;F:E502D,steer,0.00023,3,F:A371G;F:R395V;F:E502D
7JN5_HLF,F:A371G;F:R395V;F:E502G,steer,0.00023,3,F:A371G;F:R395V;F:E502G
7JN5_HLF,F:A371G;F:R395V;F:N505D,steer,0.00023,3,F:A371G;F:R395V;F:N505D
7K7I_PQD,D:E24A;D:K74G;D:Q75S,steer,0.00018,3,D:E24A;D:K74G;D:Q75S
7K7I_PQD,D:E24A;D:K74G;D:Y110S,steer,0.00018,3,D:E24A;D:K74G;D:Y110S
7K7I_PQD,D:E24A;D:Q75S;D:Y110S,steer,0.00018,3,D:E24A;D:Q75S;D:Y110S
7K7I_PQD,D:E24A;D:T49G;D:Q75S,steer,0.00018,3,D:E24A;D:T49G;D:Q75S
7K7I_PQD,D:E24A;D:W25A;D:K74G,steer,0.00018,3,D:E24A;D:W25A;D:K74G
7K7I_PQD,D:E24A;D:W25A;D:K74S,steer,0.00018,3,D:E24A;D:W25A;D:K74S
7L5J_WLB,B:E296A;B:F297L;B:Q298A,steer,0.00028,3,B:E296A;B:F297L;B:Q298A
7L5J_WLB,B:E296A;B:F297L;B:Q298T,steer,0.00028,3,B:E296A;B:F297L;B:Q298T
7L5J_WLB,B:E296A;B:F297V;B:Q298A,steer,0.00028,3,B:E296A;B:F297V;B:Q298A
7L5J_WLB,B:E296A;B:F297V;B:Q298T,steer,0.00028,3,B:E296A;B:F297V;B:Q298T
7L5J_WLB,B:E296A;B:Q298A;B:A382G,steer,0.00028,3,B:E296A;B:Q298A;B:A382G
7L5J_WLB,B:E296A;B:Q298A;B:D385T,steer,0.00028,3,B:E296A;B:Q298A;B:D385T
7LKF_HLA,A:A133F;A:G139A;A:L257E,steer,0.0004,3,A:A133F;A:G139A;A:L257E
7LKF_HLA,A:A133F;A:G139A;A:R246D,steer,0.0004,3,A:A133F;A:G139A;A:R246D
7LKF_HLA,A:A133F;A:G139A;A:R246E,steer,0.0004,3,A:A133F;A:G139A;A:R246E
7LKF_HLA,A:A133F;A:G139E;A:L257E,steer,0.0004,3,A:A133F;A:G139E;A:L257E
7LKF_HLA,A:A133F;A:G139E;A:R246A,steer,0.0004,3,A:A133F;A:G139E;A:R246A
7LKF_HLA,A:A133F;A:G139E;A:R246D,steer,0.0004,3,A:A133F;A:G139E;A:R246D
7LUE_HLA,A:G184A;A:L193D;A:M264A,steer,0.00029,3,A:G184A;A:L193D;A:M264A
7LUE_HLA,A:G184A;A:L193D;A:P265A,steer,0.00029,3,A:G184A;A:L193D;A:P265A
7LUE_HLA,A:G184A;A:L193D;A:P265D,steer,0.00029,3,A:G184A;A:L193D;A:P265D
7LUE_HLA,A:G184A;A:L193D;A:P265E,steer,0.00029,3,A:G184A;A:L193D;A:P265E
7LUE_HLA,A:G184D;A:D263A;A:P265E,steer,0.00029,3,A:G184D;A:D263A;A:P265E
7LUE_HLA,A:G184D;A:D263E;A:P265E,steer,0.00029,3,A:G184D;A:D263E;A:P265E
7M8J_HLA,A:D253A;A:W258A,steer,0.00035,2,A:D253A;A:W258A
7M8J_HLA,A:D253A;A:W258F,steer,0.00035,2,A:D253A;A:W258F
7M8J_HLA,A:D253G;A:S254A;A:W258A,steer,0.00035,3,A:D253G;A:S254A;A:W258A
7M8J_HLA,A:D253G;A:S254A;A:W258F,steer,0.00035,3,A:D253G;A:S254A;A:W258F
7M8J_HLA,A:D253G;A:S254D;A:W258A,steer,0.00035,3,A:D253G;A:S254D;A:W258A
7M8J_HLA,A:D253G;A:S254F;A:W258A,steer,0.00035,3,A:D253G;A:S254F;A:W258A
7MGW_BCA,A:G207A;A:H240S;A:Q254P,steer,0.00023,3,A:G207A;A:H240S;A:Q254P
7MGW_BCA,A:G207A;A:H240S;A:R241K,steer,0.00023,3,A:G207A;A:H240S;A:R241K
7MGW_BCA,A:G207A;A:H240S;A:R241N,steer,0.00023,3,A:G207A;A:H240S;A:R241N
7MGW_BCA,A:G207A;A:H240S;A:R241Q,steer,0.00023,3,A:G207A;A:H240S;A:R241Q
7MGW_BCA,A:G207A;A:H240S;A:R241T,steer,0.00023,3,A:G207A;A:H240S;A:R241T
7MGW_BCA,A:G207A;A:R241N;A:Q254P,steer,0.00023,3,A:G207A;A:R241N;A:Q254P
7MZK_HLA,A:A372G;A:G446H;A:N450S,steer,0.0003,3,A:A372G;A:G446H;A:N450S
7MZK_HLA,A:A372G;A:G446H;A:N450T,steer,0.0003,3,A:A372G;A:G446H;A:N450T
7MZK_HLA,A:A372G;A:G446H;A:T500A,steer,0.0003,3,A:A372G;A:G446H;A:T500A
7MZK_HLA,A:A372G;A:G446H;A:T500G,steer,0.0003,3,A:A372G;A:G446H;A:T500G
7MZK_HLA,A:A372G;A:G446H;A:T500S,steer,0.0003,3,A:A372G;A:G446H;A:T500S
7MZK_HLA,A:A372G;A:L441N;A:G446H,steer,0.0003,3,A:A372G;A:L441N;A:G446H
7N0I_KE,E:E280A;E:Q281I;E:R319K,steer,0.00024,3,E:E280A;E:Q281I;E:R319K
7N0I_KE,E:E280A;E:Q281I;E:S327D,steer,0.00024,3,E:E280A;E:Q281I;E:S327D
7N0I_KE,E:E280A;E:Q281I;E:T325L,steer,0.00024,3,E:E280A;E:Q281I;E:T325L
7N0I_KE,E:E280A;E:Q281I;E:T334A,steer,0.00024,3,E:E280A;E:Q281I;E:T334A
7N0I_KE,E:E280A;E:Q281I;E:T334D,steer,0.00024,3,E:E280A;E:Q281I;E:T334D
7N0I_KE,E:E280A;E:Q281I;E:T334E,steer,0.00024,3,E:E280A;E:Q281I;E:T334E
7N4I_HLC,C:A475S;C:H519P;C:A520S,steer,9e-05,3,C:A475S;C:H519P;C:A520S
7N4I_HLC,C:A475S;C:P479D;C:H519P,steer,9e-05,3,C:A475S;C:P479D;C:H519P
7N4I_HLC,C:A475S;C:P479N;C:H519P,steer,9e-05,3,C:A475S;C:P479N;C:H519P
7N4I_HLC,C:A475S;C:P479N;C:H519S,steer,9e-05,3,C:A475S;C:P479N;C:H519S
7N4I_HLC,C:A475S;C:P479Y;C:H519P,steer,9e-05,3,C:A475S;C:P479Y;C:H519P
7N4I_HLC,C:D428G;C:A475N;C:H519D,steer,9e-05,3,C:D428G;C:A475N;C:H519D
7NKS_HLA,A:A52E;A:A55S;A:Q93S,steer,0.00027,3,A:A52E;A:A55S;A:Q93S
7NKS_HLA,A:A52E;A:G89L;A:Q93S,steer,0.00027,3,A:A52E;A:G89L;A:Q93S
7NKS_HLA,A:A52E;A:G89S;A:Q93S,steer,0.00027,3,A:A52E;A:G89S;A:Q93S
7NKS_HLA,A:A52E;A:P88S;A:G89S,steer,0.00027,3,A:A52E;A:P88S;A:G89S
7NKS_HLA,A:A52E;A:P88S;A:Q93S,steer,0.00027,3,A:A52E;A:P88S;A:Q93S
7NKS_HLA,A:A52E;A:Q56S;A:G89L,steer,0.00027,3,A:A52E;A:Q56S;A:G89L
7NQK_BA,A:F74H;A:M140T;A:Q214G,steer,0.00019,3,A:F74H;A:M140T;A:Q214G
7NQK_BA,A:F74Y;A:H76K;A:M140T,steer,0.00019,3,A:F74Y;A:H76K;A:M140T
7NQK_BA,A:F74Y;A:K139D;A:M140T,steer,0.00019,3,A:F74Y;A:K139D;A:M140T
7NQK_BA,A:F74Y;A:K139E;A:M140T,steer,0.00019,3,A:F74Y;A:K139E;A:M140T
7NQK_BA,A:F74Y;A:K139G;A:M140T,steer,0.00019,3,A:F74Y;A:K139G;A:M140T
7NQK_BA,A:F74Y;A:K139G;A:Q214G,steer,0.00019,3,A:F74Y;A:K139G;A:Q214G
7OR9_HLE,E:E471K;E:G482E,steer,0.00022,2,E:E471K;E:G482E
7OR9_HLE,E:G446F;E:N450Q,steer,0.00022,2,E:G446F;E:N450Q
7OR9_HLE,E:G446F;E:S469K,steer,0.00022,2,E:G446F;E:S469K
7OR9_HLE,E:G446F;E:S469N,steer,0.00022,2,E:G446F;E:S469N
7OR9_HLE,E:G446F;E:T470D,steer,0.00022,2,E:G446F;E:T470D
7OR9_HLE,E:G446H;E:E471A;E:G482N,steer,0.00022,3,E:G446H;E:E471A;E:G482N
7PA9_KLD,D:D112F;D:D149F;D:G250A,steer,0.00017,3,D:D112F;D:D149F;D:G250A
7PA9_KLD,D:D112F;D:D149F;D:G250D,steer,0.00017,3,D:D112F;D:D149F;D:G250D
7PA9_KLD,D:D112F;D:D149F;D:G250E,steer,0.00017,3,D:D112F;D:D149F;D:G250E
7PA9_KLD,D:D112F;D:D149F;D:S249E,steer,0.00017,3,D:D112F;D:D149F;D:S249E
7PA9_KLD,D:D112F;D:G150C;D:S249D,steer,0.00017,3,D:D112F;D:G150C;D:S249D
7PA9_KLD,D:D112F;D:S249C;D:G250A,steer,0.00017,3,D:D112F;D:S249C;D:G250A
7QBG_GA,A:G68S;A:H133A;A:E373G,steer,0.00039,3,A:G68S;A:H133A;A:E373G
7QBG_GA,A:G68S;A:M367A;A:E373G,steer,0.00039,3,A:G68S;A:M367A;A:E373G
7QBG_GA,A:G68S;A:R122E;A:E373G,steer,0.00039,3,A:G68S;A:R122E;A:E373G
7QBG_GA,A:G68S;A:R122E;A:M367A,steer,0.00039,3,A:G68S;A:R122E;A:M367A
7QBG_GA,A:G80D;A:H133A;A:E373G,steer,0.00039,3,A:G80D;A:H133A;A:E373G
7QBG_GA,A:G80D;A:M367A;A:E373G,steer,0.00039,3,A:G80D;A:M367A;A:E373G
7QUH_HLA,A:D20A;A:D25E;A:W103S,steer,0.0001,3,A:D20A;A:D25E;A:W103S
7QUH_HLA,A:D20A;A:D25Q;A:W103S,steer,0.0001,3,A:D20A;A:D25Q;A:W103S
7QUH_HLA,A:D20A;A:G24S;A:W103S,steer,0.0001,3,A:D20A;A:G24S;A:W103S
7QUH_HLA,A:D20A;A:G26F;A:S104K,steer,0.0001,3,A:D20A;A:G26F;A:S104K
7QUH_HLA,A:D20A;A:G26F;A:T57Y,steer,0.0001,3,A:D20A;A:G26F;A:T57Y
7QUH_HLA,A:D20A;A:G26F;A:W103R,steer,0.0001,3,A:D20A;A:G26F;A:W103R
7RNN_CD,D:D298E;D:D300E;D:F301Y,steer,0.00036,3,D:D298E;D:D300E;D:F301Y
7RNN_CD,D:D298E;D:D300S;D:F301Y,steer,0.00036,3,D:D298E;D:D300S;D:F301Y
7RNN_CD,D:M295A;D:D298E;D:D300N,steer,0.00036,3,D:M295A;D:D298E;D:D300N
7RNN_CD,D:M295A;D:D298E;D:D300Q,steer,0.00036,3,D:M295A;D:D298E;D:D300Q
7RNN_CD,D:M295A;D:D298E;D:E359D,steer,0.00036,3,D:M295A;D:D298E;D:E359D
7RNN_CD,D:M295A;D:D298E;D:E359N,steer,0.00036,3,D:M295A;D:D298E;D:E359N
7RXJ_HLI,I:D313E;I:A361K;I:N362K,steer,0.00015,3,I:D313E;I:A361K;I:N362K
7RXJ_HLI,I:D313E;I:D356C;I:A361K,steer,0.00015,3,I:D313E;I:D356C;I:A361K
7RXJ_HLI,I:D313E;I:D356E;I:A361K,steer,0.00015,3,I:D313E;I:D356E;I:A361K
7RXJ_HLI,I:D313E;I:D356N;I:A361K,steer,0.00015,3,I:D313E;I:D356N;I:A361K
7RXJ_HLI,I:D313E;I:D356N;I:D359I,steer,0.00015,3,I:D313E;I:D356N;I:D359I
7RXJ_HLI,I:D313E;I:D356N;I:D359L,steer,0.00015,3,I:D313E;I:D356N;I:D359L
7SA6_HLA,A:D88N;A:H122A;A:N128A,steer,0.00032,3,A:D88N;A:H122A;A:N128A
7SA6_HLA,A:D88N;A:H122A;A:N128D,steer,0.00032,3,A:D88N;A:H122A;A:N128D
7SA6_HLA,A:D88N;A:H122A;A:N128E,steer,0.00032,3,A:D88N;A:H122A;A:N128E
7SA6_HLA,A:D88N;A:H122A;A:N128F,steer,0.00032,3,A:D88N;A:H122A;A:N128F
7SA6_HLA,A:D88N;A:H122D;A:N128A,steer,0.00032,3,A:D88N;A:H122D;A:N128A
7SA6_HLA,A:D88N;A:H122S;A:N128A,steer,0.00032,3,A:D88N;A:H122S;A:N128A
7SGM_HLA,A:G144A;A:Y145S;A:K216A,steer,0.00027,3,A:G144A;A:Y145S;A:K216A
7SGM_HLA,A:G144D;A:Y145S;A:A215E,steer,0.00027,3,A:G144D;A:Y145S;A:A215E
7SGM_HLA,A:G144D;A:Y145S;A:A215G,steer,0.00027,3,A:G144D;A:Y145S;A:A215G
7SGM_HLA,A:G144D;A:Y145S;A:G250D,steer,0.00027,3,A:G144D;A:Y145S;A:G250D
7SGM_HLA,A:G144D;A:Y145S;A:G250E,steer,0.00027,3,A:G144D;A:Y145S;A:G250E
7SGM_HLA,A:G144D;A:Y145S;A:K216A,steer,0.00027,3,A:G144D;A:Y145S;A:K216A
7STZ_HLC,C:K14R;C:F17Y;C:R70D,steer,0.05,3,C:K14R;C:F17Y;C:R70D
7STZ_HLC,C:K14R;C:P16S;C:R70E,steer,0.05,3,C:K14R;C:P16S;C:R70E
7STZ_HLC,C:K14H;C:F17Y;C:R70E,steer,0.025,3,C:K14H;C:F17Y;C:R70E
7STZ_HLC,C:K14Q;C:F17Y;C:R70E,steer,0.025,3,C:K14Q;C:F17Y;C:R70E
7STZ_HLC,C:K14R;C:F17N;C:R70E,steer,0.025,3,C:K14R;C:F17N;C:R70E
7STZ_HLC,C:K14R;C:F17Y;C:R70K,steer,0.025,3,C:K14R;C:F17Y;C:R70K
7T87_HLA,A:P70D;A:D93N;A:Q159S,steer,0.00023,3,A:P70D;A:D93N;A:Q159S
7T87_HLA,A:P70D;A:D93S;A:Q159S,steer,0.00023,3,A:P70D;A:D93S;A:Q159S
7T87_HLA,A:P70D;A:Q159S;A:D305K,steer,0.00023,3,A:P70D;A:Q159S;A:D305K
7T87_HLA,A:P70E;A:D93N;A:Q159S,steer,0.00023,3,A:P70E;A:D93N;A:Q159S
7T87_HLA,A:P70E;A:D93S;A:Q159S,steer,0.00023,3,A:P70E;A:D93S;A:Q159S
7T87_HLA,A:P70E;A:Q159S;A:D305K,steer,0.00023,3,A:P70E;A:Q159S;A:D305K
7TBF_HLA,A:A475S;A:G476S;A:F486S,steer,0.00034,3,A:A475S;A:G476S;A:F486S
7TBF_HLA,A:A475S;A:N481G;A:F486S,steer,0.00034,3,A:A475S;A:N481G;A:F486S
7TBF_HLA,A:A475S;A:N481S;A:F486S,steer,0.00034,3,A:A475S;A:N481S;A:F486S
7TBF_HLA,A:A475S;A:N481S;A:F486T,steer,0.00034,3,A:A475S;A:N481S;A:F486T
7TBF_HLA,A:A475S;A:N481T;A:F486S,steer,0.00034,3,A:A475S;A:N481T;A:F486S
7TBF_HLA,A:A475S;A:P479A;A:F486S,steer,0.00034,3,A:A475S;A:P479A;A:F486S
7TTX_HLA,A:G413N;A:G416I;A:D428G,steer,0.00019,3,A:G413N;A:G416I;A:D428G
7TTX_HLA,A:G413N;A:G416I;A:D428N,steer,0.00019,3,A:G413N;A:G416I;A:D428N
7TTX_HLA,A:G413N;A:G416I;A:K462S,steer,0.00019,3,A:G413N;A:G416I;A:K462S
7TTX_HLA,A:G413N;A:G416I;A:V503S,steer,0.00019,3,A:G413N;A:G416I;A:V503S
7TTX_HLA,A:G413N;A:G416L;A:D428G,steer,0.00019,3,A:G413N;A:G416L;A:D428G
7TTX_HLA,A:G413N;A:G416L;A:D428N,steer,0.00019,3,A:G413N;A:G416L;A:D428N
7UAR_HLB,B:A292F;B:N603F;B:K825A,steer,9e-05,3,B:A292F;B:N603F;B:K825A
7UAR_HLB,B:D215F;B:Q218A;B:N603C,steer,9e-05,3,B:D215F;B:Q218A;B:N603C
7UAR_HLB,B:D215F;B:Q218A;B:N603F,steer,9e-05,3,B:D215F;B:Q218A;B:N603F
7UAR_HLB,B:D215F;B:Q218F;B:N603C,steer,9e-05,3,B:D215F;B:Q218F;B:N603C
7UAR_HLB,B:D215F;B:Q218F;B:N603F,steer,9e-05,3,B:D215F;B:Q218F;B:N603F
7UAR_HLB,B:G219F;B:N603C;B:K825A,steer,9e-05,3,B:G219F;B:N603C;B:K825A
7UPD_HLD,D:A400F;D:E406S;D:A444S,steer,0.00013,3,D:A400F;D:E406S;D:A444S
7UPD_HLD,D:A400F;D:E406S;D:A444T,steer,0.00013,3,D:A400F;D:E406S;D:A444T
7UPD_HLD,D:D304A;D:H372A;D:E406S,steer,0.00013,3,D:D304A;D:H372A;D:E406S
7UPD_HLD,D:D304A;D:H372A;D:R399F,steer,0.00013,3,D:D304A;D:H372A;D:R399F
7UPD_HLD,D:D304A;D:H372D;D:A400F,steer,0.00013,3,D:D304A;D:H372D;D:A400F
7UPD_HLD,D:D304A;D:H372D;D:A444S,steer,0.00013,3,D:D304A;D:H372D;D:A444S
7URE_HLA,A:G147A;A:Q181E;A:D273E,steer,0.00182,3,A:G147A;A:Q181E;A:D273E
7URE_HLA,A:G147A;A:Q181E;A:D273G,steer,0.00182,3,A:G147A;A:Q181E;A:D273G
7URE_HLA,A:G147A;A:T148A;A:D273E,steer,0.00182,3,A:G147A;A:T148A;A:D273E
7URE_HLA,A:G147A;A:T148A;A:D273G,steer,0.00182,3,A:G147A;A:T148A;A:D273G
7URE_HLA,A:G147S;A:H174K;A:Q181E,steer,0.00182,3,A:G147S;A:H174K;A:Q181E
7URE_HLA,A:G147S;A:T148A;A:H174K,steer,0.00182,3,A:G147S;A:T148A;A:H174K
7URX_HLC,C:A106E;C:D162G;C:K220E,steer,0.00023,3,C:A106E;C:D162G;C:K220E
7URX_HLC,C:A106G;C:D162E;C:K220E,steer,0.00023,3,C:A106G;C:D162E;C:K220E
7URX_HLC,C:A106G;C:D162G;C:K220A,steer,0.00023,3,C:A106G;C:D162G;C:K220A
7URX_HLC,C:A106G;C:D162G;C:K220D,steer,0.00023,3,C:A106G;C:D162G;C:K220D
7URX_HLC,C:A106G;C:D162G;C:K220E,steer,0.00023,3,C:A106G;C:D162G;C:K220E
7URX_HLC,C:A106G;C:K161E;C:K220E,steer,0.00023,3,C:A106G;C:K161E;C:K220E
7VYR_HLR,R:A372D;R:D405N;R:V503M,steer,0.00012,3,R:A372D;R:D405N;R:V503M
7VYR_HLR,R:A372D;R:G446N;R:V503M,steer,0.00012,3,R:A372D;R:G446N;R:V503M
7VYR_HLR,R:A372D;R:G446S;R:V503M,steer,0.00012,3,R:A372D;R:G446S;R:V503M
7VYR_HLR,R:A372D;R:G496S;R:V503M,steer,0.00012,3,R:A372D;R:G496S;R:V503M
7VYR_HLR,R:A372D;R:N440S;R:V503M,steer,0.00012,3,R:A372D;R:N440S;R:V503M
7VYR_HLR,R:A372D;R:R408A;R:V503M,steer,0.00012,3,R:A372D;R:R408A;R:V503M
7WPH_HLB,B:N343D;B:R346N;B:G446S,steer,0.00056,3,B:N343D;B:R346N;B:G446S
7WPH_HLB,B:N343D;B:R346N;B:N440S,steer,0.00056,3,B:N343D;B:R346N;B:N440S
7WPH_HLB,B:N343D;B:R346N;B:N440T,steer,0.00056,3,B:N343D;B:R346N;B:N440T
7WPH_HLB,B:N343D;B:R346N;B:N440Y,steer,0.00056,3,B:N343D;B:R346N;B:N440Y
7WPH_HLB,B:N343D;B:R346N;B:N450S,steer,0.00056,3,B:N343D;B:R346N;B:N450S
7WPH_HLB,B:N343D;B:R346S,steer,0.00056,2,B:N343D;B:R346S
7X2O_HLB,B:A165L;B:W173A;B:E235A,steer,0.00028,3,B:A165L;B:W173A;B:E235A
7X2O_HLB,B:A165L;B:W173A;B:E235D,steer,0.00028,3,B:A165L;B:W173A;B:E235D
7X2O_HLB,B:A165L;B:W173A;B:E235S,steer,0.00028,3,B:A165L;B:W173A;B:E235S
7X2O_HLB,B:A165L;B:W173A;B:Y240L,steer,0.00028,3,B:A165L;B:W173A;B:Y240L
7X2O_HLB,B:A165L;B:W173A;B:Y240T,steer,0.00028,3,B:A165L;B:W173A;B:Y240T
7X2O_HLB,B:A165L;B:W173A;B:Y240V,steer,0.00028,3,B:A165L;B:W173A;B:Y240V
7X2W_HLC,C:D234E;C:Y237L;C:Q238L,steer,0.00013,3,C:D234E;C:Y237L;C:Q238L
7X2W_HLC,C:D234F;C:F236L;C:Y237L,steer,0.00013,3,C:D234F;C:F236L;C:Y237L
7X2W_HLC,C:D234F;C:F236S;C:Y237L,steer,0.00013,3,C:D234F;C:F236S;C:Y237L
7X2W_HLC,C:D234F;C:T235L;C:Y237L,steer,0.00013,3,C:D234F;C:T235L;C:Y237L
7X2W_HLC,C:D234F;C:Y237L;C:Q238I,steer,0.00013,3,C:D234F;C:Y237L;C:Q238I
7X2W_HLC,C:D234F;C:Y237L;C:Q238L,steer,0.00013,3,C:D234F;C:Y237L;C:Q238L
7X3D_HLB,B:K73E;B:N74H,steer,0.00082,2,B:K73E;B:N74H
7X3D_HLB,B:K73E;B:N74H;B:G161P,steer,0.00082,3,B:K73E;B:N74H;B:G161P
7X3D_HLB,B:K73E;B:N74H;B:S163F,steer,0.00082,3,B:K73E;B:N74H;B:S163F
7X3D_HLB,B:K73E;B:N74H;B:S163G,steer,0.00082,3,B:K73E;B:N74H;B:S163G
7X3D_HLB,B:K73E;B:N74H;B:S163N,steer,0.00082,3,B:K73E;B:N74H;B:S163N
7X3D_HLB,B:K73E;B:N74H;B:S163T,steer,0.00082,3,B:K73E;B:N74H;B:S163T
7X4I_HA,A:F360K;A:A398G;A:I489S,steer,0.00037,3,A:F360K;A:A398G;A:I489S
7X4I_HA,A:F360K;A:A398G;A:I489T,steer,0.00037,3,A:F360K;A:A398G;A:I489T
7X4I_HA,A:F360K;A:A398K;A:I489S,steer,0.00037,3,A:F360K;A:A398K;A:I489S
7X4I_HA,A:F360K;A:A398K;A:I489T,steer,0.00037,3,A:F360K;A:A398K;A:I489T
7X4I_HA,A:F360K;A:A398S;A:I489S,steer,0.00037,3,A:F360K;A:A398S;A:I489S
7X4I_HA,A:F360K;A:A398S;A:I489T,steer,0.00037,3,A:F360K;A:A398S;A:I489T
7YCL_HLD,D:A372D;D:R408S;D:V503T,steer,0.00028,3,D:A372D;D:R408S;D:V503T
7YCL_HLD,D:A372G;D:D405N;D:R408A,steer,0.00028,3,D:A372G;D:D405N;D:R408A
7YCL_HLD,D:A372G;D:D405N;D:R408S,steer,0.00028,3,D:A372G;D:D405N;D:R408S
7YCL_HLD,D:A372G;D:D405S;D:R408A,steer,0.00028,3,D:A372G;D:D405S;D:R408A
7YCL_HLD,D:A372G;D:D405S;D:R408K,steer,0.00028,3,D:A372G;D:D405S;D:R408K
7YCL_HLD,D:A372G;D:D405S;D:R408S,steer,0.00028,3,D:A372G;D:D405S;D:R408S
7YRU_HLA,A:D61N;A:F63Q;A:Q106S,steer,0.00024,3,A:D61N;A:F63Q;A:Q106S
7YRU_HLA,A:D61N;A:F63V;A:Q106S,steer,0.00024,3,A:D61N;A:F63V;A:Q106S
7YRU_HLA,A:F63E;A:P87S;A:Q106S,steer,0.00024,3,A:F63E;A:P87S;A:Q106S
7YRU_HLA,A:F63E;A:Q106S,steer,0.00024,2,A:F63E;A:Q106S
7YRU_HLA,A:F63Q;A:N102D;A:Q106S,steer,0.00024,3,A:F63Q;A:N102D;A:Q106S
7YRU_HLA,A:F63Q;A:P87L;A:Q106S,steer,0.00024,3,A:F63Q;A:P87L;A:Q106S
7ZRA_FC,C:D150E;C:R182S;C:Q183D,steer,0.01111,3,C:D150E;C:R182S;C:Q183D
7ZRA_FC,C:D150E;C:R182S;C:Q183E,steer,0.01111,3,C:D150E;C:R182S;C:Q183E
7ZRA_FC,C:D150E;C:R182S;C:Q183N,steer,0.01111,3,C:D150E;C:R182S;C:Q183N
7ZRA_FC,C:G162A;C:R182S;C:Q183D,steer,0.01111,3,C:G162A;C:R182S;C:Q183D
7ZRA_FC,C:G162A;C:R182S;C:Q183E,steer,0.01111,3,C:G162A;C:R182S;C:Q183E
7ZRA_FC,C:G162A;C:R182S;C:Q183N,steer,0.01111,3,C:G162A;C:R182S;C:Q183N
8ATH_HLA,A:A108F;A:R186S;A:G187S,steer,0.00043,3,A:A108F;A:R186S;A:G187S
8ATH_HLA,A:A108G;A:N181A;A:R186S,steer,0.00043,3,A:A108G;A:N181A;A:R186S
8ATH_HLA,A:A108G;A:N181D;A:R186S,steer,0.00043,3,A:A108G;A:N181D;A:R186S
8ATH_HLA,A:A108G;A:N181S;A:G187S,steer,0.00043,3,A:A108G;A:N181S;A:G187S
8ATH_HLA,A:A108G;A:N181S;A:R186A,steer,0.00043,3,A:A108G;A:N181S;A:R186A
8ATH_HLA,A:A108G;A:N181S;A:R186S,steer,0.00043,3,A:A108G;A:N181S;A:R186S
8CYH_HLM,M:A560D;M:T581A;M:Q587A,steer,0.00435,3,M:A560D;M:T581A;M:Q587A
8CYH_HLM,M:A560D;M:T581A;M:Q587E,steer,0.00435,3,M:A560D;M:T581A;M:Q587E
8CYH_HLM,M:A560E;M:T581A,steer,0.00435,2,M:A560E;M:T581A
8CYH_HLM,M:A560E;M:T581A;M:G583A,steer,0.00435,3,M:A560E;M:T581A;M:G583A
8CYH_HLM,M:A560E;M:T581A;M:G583F,steer,0.00435,3,M:A560E;M:T581A;M:G583F
8CYH_HLM,M:A560E;M:T581A;M:Q587A,steer,0.00435,3,M:A560E;M:T581A;M:Q587A
8CZ5_HLA,A:F344A;A:G346A;A:P385A,steer,0.00079,3,A:F344A;A:G346A;A:P385A
8CZ5_HLA,A:F344A;A:G346S;A:P385A,steer,0.00079,3,A:F344A;A:G346S;A:P385A
8CZ5_HLA,A:F344A;A:N387S,steer,0.00079,2,A:F344A;A:N387S
8CZ5_HLA,A:F344A;A:N387S;A:A414P,steer,0.00079,3,A:F344A;A:N387S;A:A414P
8CZ5_HLA,A:F344A;A:N387S;A:A414S,steer,0.00079,3,A:F344A;A:N387S;A:A414S
8CZ5_HLA,A:F344A;A:P385A,steer,0.00079,2,A:F344A;A:P385A
8DT3_HLC,C:A372S;C:N440S;C:V445S,steer,0.00012,3,C:A372S;C:N440S;C:V445S
8DT3_HLC,C:A372S;C:V445S;C:G446N,steer,0.00012,3,C:A372S;C:V445S;C:G446N
8DT3_HLC,C:A372S;C:V445S;C:G446S,steer,0.00012,3,C:A372S;C:V445S;C:G446S
8DT3_HLC,C:A372S;C:V445S;C:G446T,steer,0.00012,3,C:A372S;C:V445S;C:G446T
8DT3_HLC,C:E340A;C:F342L;C:R346N,steer,0.00012,3,C:E340A;C:F342L;C:R346N
8DT3_HLC,C:E340A;C:F342L;C:R346S,steer,0.00012,3,C:E340A;C:F342L;C:R346S
8DWO_HLB,B:D3A;B:D58S;B:S191A,steer,0.00014,3,B:D3A;B:D58S;B:S191A
8DWO_HLB,B:D3A;B:D58T;B:S191A,steer,0.00014,3,B:D3A;B:D58T;B:S191A
8DWO_HLB,B:D3A;B:G59D;B:K231D,steer,0.00014,3,B:D3A;B:G59D;B:K231D
8DWO_HLB,B:D3A;B:G59D;B:N118H,steer,0.00014,3,B:D3A;B:G59D;B:N118H
8DWO_HLB,B:D3A;B:G59D;B:N118K,steer,0.00014,3,B:D3A;B:G59D;B:N118K
8DWO_HLB,B:D3A;B:G59D;B:N118R,steer,0.00014,3,B:D3A;B:G59D;B:N118R
8E8Y_HL1,1:A101D;1:G168Q;1:K214S,steer,9e-05,3,1:A101D;1:G168Q;1:K214S
8E8Y_HL1,1:A101D;1:G168T;1:K214S,steer,9e-05,3,1:A101D;1:G168T;1:K214S
8E8Y_HL1,1:A101D;1:K169S;1:K214S,steer,9e-05,3,1:A101D;1:K169S;1:K214S
8E8Y_HL1,1:A101D;1:K214S;1:E224S,steer,9e-05,3,1:A101D;1:K214S;1:E224S
8E8Y_HL1,1:A101D;1:K214S;1:E224T,steer,9e-05,3,1:A101D;1:K214S;1:E224T
8E8Y_HL1,1:A101D;1:K214S;1:G283S,steer,9e-05,3,1:A101D;1:K214S;1:G283S
8EMZ_BA,A:D375N;A:D377S;A:Y444S,steer,0.00023,3,A:D375N;A:D377S;A:Y444S
8EMZ_BA,A:D375R;A:D377S;A:Y444N,steer,0.00023,3,A:D375R;A:D377S;A:Y444N
8EMZ_BA,A:D375R;A:D377S;A:Y444S,steer,0.00023,3,A:D375R;A:D377S;A:Y444S
8EMZ_BA,A:D375R;A:D377T;A:Y444S,steer,0.00023,3,A:D375R;A:D377T;A:Y444S
8EMZ_BA,A:D375R;A:D395P;A:Y444S,steer,0.00023,3,A:D375R;A:D395P;A:Y444S
8EMZ_BA,A:D375S;A:D377S;A:Y444D,steer,0.00023,3,A:D375S;A:D377S;A:Y444D
8IDN_HLA,A:D405K;A:G416I;A:F486A,steer,0.00022,3,A:D405K;A:G416I;A:F486A
8IDN_HLA,A:D405K;A:G416I;A:F486S,steer,0.00022,3,A:D405K;A:G416I;A:F486S
8IDN_HLA,A:D405K;A:G416I;A:F486T,steer,0.00022,3,A:D405K;A:G416I;A:F486T
8IDN_HLA,A:D405N;A:G416I;A:F486A,steer,0.00022,3,A:D405N;A:G416I;A:F486A
8IDN_HLA,A:D405N;A:G416I;A:F486E,steer,0.00022,3,A:D405N;A:G416I;A:F486E
8IDN_HLA,A:D405N;A:G416I;A:F486S,steer,0.00022,3,A:D405N;A:G416I;A:F486S
