arm,n_antigen_clusters,n_targets,beat_native_cluster_aware_pct
base_abmpnn_ar,162,190,77.1
base_abmpnn_ar_t1,162,190,65.3
base_abmpnn_npz,162,190,69.0
base_antifold,162,190,50.1
base_antifold_t1,162,190,46.9
base_diffab,68,75,15.8
base_diffusion,162,190,1.9
base_diffusion_s,59,66,4.2
base_esmif,162,190,39.0
base_esmif_ar,162,190,41.5
base_esmif_ar_t1,161,189,40.6
base_iglm,66,74,0.0
base_proteinmpnn,162,190,51.6
base_proteinmpnn_ar,162,190,53.5
base_proteinmpnn_ar_t1,160,188,38.4
base_rfantibody,53,53,0.0
grad_diffusion,162,190,44.3
obj_mint,59,67,49.3
obj_wt,59,66,56.2
ours_abmpnn_live,162,190,83.4
ours_abmpnn_npz,162,190,79.9
ours_antifold,162,190,64.3
ours_diffusion,162,190,11.9
ours_esmif,162,190,61.6
ours_proteinmpnn,162,190,63.5
ours_proteinmpnn_live,162,190,62.6
rand_base_abmpnn_ar,162,190,34.0
rand_base_antifold,162,190,29.8
rand_base_proteinmpnn_ar,162,190,7.9
rand_ours_abmpnn_live,162,190,20.4
rand_ours_antifold,162,190,21.9
rand_ours_proteinmpnn_live,162,190,7.2
