generator,family,n,base,ours,dpp,lo,hi,dm,mlo,mhi
AntiFold,Coronavirus spike,14,57.14285714285714,92.85714285714286,35.71428571428572,14.28571428571428,64.28571428571428,-1.2107642857142857,-1.8523999999999998,-0.6416928571428572
AntiFold,Flavivirus envelope (E),15,46.666666666666664,60.0,13.33333333333333,-13.33333333333333,40.0,-0.32217333333333337,-0.6216333333333334,-0.05564000000000002
AntiFold,Influenza hemagglutinin,6,16.666666666666664,33.33333333333333,16.666666666666664,0.0,50.0,0.045000000000000075,-0.22298333333333328,0.3498000000000002
AntiFold,— all viral glycoprotein,39,43.58974358974359,71.7948717948718,28.205128205128204,12.82051282051282,43.58974358974359,-0.6466923076923077,-0.9539333333333333,-0.3690307692307692
AntiFold,— all 190 targets,190,49.473684210526315,66.3157894736842,16.84210526315789,10.526315789473683,23.15789473684211,-0.6893526315789473,-0.8628405263157894,-0.5279552631578948
AbMPNN,Coronavirus spike,14,92.85714285714286,92.85714285714286,0.0,0,0.0,-0.11000000000000001,-0.4500642857142858,0.20737142857142862
AbMPNN,Flavivirus envelope (E),15,73.33333333333333,60.0,-13.33333333333333,-33.333333333333336,0.0,-0.03250666666666667,-0.33302000000000004,0.21582
AbMPNN,Influenza hemagglutinin,6,66.66666666666666,83.33333333333334,16.666666666666675,-33.333333333333336,66.66666666666667,-0.3119333333333334,-0.7190666666666667,0.14144999999999996
AbMPNN,— all viral glycoprotein,39,79.48717948717949,79.48717948717949,0.0,-12.82051282051282,12.82051282051282,-0.11715897435897438,-0.3026717948717949,0.058453846153846155
AbMPNN,— all 190 targets,190,77.89473684210526,84.21052631578947,6.315789473684208,1.0526315789473606,12.10526315789473,-0.1520957894736842,-0.24851263157894737,-0.058850526315789464
ProteinMPNN,Coronavirus spike,14,78.57142857142857,85.71428571428571,7.14285714285714,-14.28571428571429,28.57142857142857,-0.02665714285714283,-0.4940357142857143,0.4113428571428572
ProteinMPNN,Flavivirus envelope (E),15,26.666666666666668,46.666666666666664,20.0,0.0,40.0,-0.14277333333333334,-0.30946,0.014213333333333321
ProteinMPNN,Influenza hemagglutinin,6,50.0,33.33333333333333,-16.666666666666668,-50.0,0.0,0.27455,-0.2287833333333333,0.7354833333333334
ProteinMPNN,— all viral glycoprotein,39,51.28205128205128,58.97435897435898,7.692307692307699,-5.128205128205132,20.512820512820518,-0.01205897435897435,-0.213374358974359,0.17934871794871796
ProteinMPNN,— all 190 targets,190,55.78947368421052,64.21052631578948,8.421052631578952,2.631578947368418,14.210526315789473,-0.05385210526315789,-0.16019052631578945,0.04783000000000001
ESM-IF1,Coronavirus spike,14,57.14285714285714,85.71428571428571,28.57142857142857,7.14285714285714,50.0,-1.177142857142857,-2.081992857142857,-0.3705285714285713
ESM-IF1,Flavivirus envelope (E),15,26.666666666666668,46.666666666666664,20.0,-13.333333333333336,53.333333333333336,-0.4405466666666667,-0.8424866666666667,-0.08525333333333335
ESM-IF1,Influenza hemagglutinin,6,33.33333333333333,50.0,16.666666666666668,0.0,50.0,-0.02043333333333332,-0.5417333333333333,0.44408333333333333
ESM-IF1,— all viral glycoprotein,39,38.46153846153847,58.97435897435898,20.51282051282051,2.5641025641025603,38.46153846153846,-0.6263282051282051,-1.0170871794871794,-0.27715128205128203
ESM-IF1,— all 190 targets,190,40.526315789473685,63.68421052631579,23.157894736842106,16.315789473684212,30.000000000000004,-0.6186921052631579,-0.7555342105263158,-0.4854810526315789
Masked diffusion,Coronavirus spike,14,0,21.428571428571427,21.428571428571427,0,42.857142857142854,-2.086185714285714,-3.2811,-0.7596357142857144
Masked diffusion,Flavivirus envelope (E),15,0,0,0,0,0,-2.3205733333333334,-3.262246666666667,-1.5334266666666667
Masked diffusion,Influenza hemagglutinin,6,0,0,0,0,0,-3.076683333333333,-4.765666666666666,-1.6108999999999998
Masked diffusion,— all viral glycoprotein,39,0,10.256410256410255,10.256410256410255,2.564102564102564,20.51282051282051,-2.3271871794871792,-2.959005128205128,-1.7141384615384616
Masked diffusion,— all 190 targets,190,1.5789473684210527,12.105263157894736,10.526315789473683,6.31578947368421,15.263157894736842,-2.5633247368421053,-2.8676163157894736,-2.274705789473684
RFantibody (de-novo),Coronavirus spike,3,0,33.33333333333333,33.33333333333333,0,100,0.7015,-0.8988999999999999,2.0808
RFantibody (de-novo),Flavivirus envelope (E),5,60.0,40.0,-19.999999999999996,-60.00000000000001,0.0,0.013520000000000065,-0.69358,0.76612
RFantibody (de-novo),Influenza hemagglutinin,2,50.0,50.0,0.0,0.0,0.0,-0.5551,-0.9531000000000001,-0.15710000000000002
RFantibody (de-novo),— all viral glycoprotein,12,41.66666666666667,41.66666666666667,0.0,-25.0,25.0,0.1825666666666667,-0.3515583333333333,0.7430666666666668
RFantibody (de-novo),— all 190 targets,53,58.490566037735846,66.0377358490566,7.547169811320753,-7.547169811320753,22.64150943396227,-0.017194339622641514,-0.3107245283018868,0.25864716981132074
