target,arm,design,rep,wt_margin,mean_margin,cvar20_margin,max_margin,n_eval
1IC7_HLY,svdd_af_baddg,cluster_top1,0,-1.4776,-1.3090333333333335,-1.07462,-0.9671,24
1IC7_HLY,svdd_af_baddg,cluster_top1,1,-1.4973,-1.6217416666666669,-1.5294,-1.504,24
1IC7_HLY,svdd_af_baddg,cluster_top2,0,-1.5241,-1.6391916666666668,-1.53216,-1.4542,24
1IC7_HLY,svdd_af_baddg,cluster_top2,1,-0.4375,-0.500075,-0.40114,-0.3755,24
1IC7_HLY,svdd_af_baddg,cluster_top3,0,-1.3296,-1.2338791666666669,-0.9994399999999999,-0.9037,24
1IC7_HLY,svdd_af_baddg,cluster_top3,1,-0.5752,-0.5062583333333333,-0.42728,-0.4104,24
1IC7_HLY,svdd_af_baddg,single,0,-1.6172,-1.527870833333333,-1.4176000000000002,-1.3772,24
1IC7_HLY,svdd_af_baddg,single,1,-0.489,-0.5101458333333333,-0.42767999999999995,-0.3777,24
1KB5_HLB,svdd_af_baddg,cluster_top1,0,-0.4981,-0.28646666666666665,-0.06004,-0.0144,24
1KB5_HLB,svdd_af_baddg,cluster_top1,1,-0.8721,-0.8002791666666665,-0.5009,-0.4511,24
1KB5_HLB,svdd_af_baddg,cluster_top2,0,-0.4851,-0.4918916666666666,-0.2722,-0.1596,24
1KB5_HLB,svdd_af_baddg,cluster_top2,1,-0.3032,-0.2351791666666667,-0.07548,0.0739,24
1KB5_HLB,svdd_af_baddg,cluster_top3,0,-0.5899,-0.3855625,-0.23136,-0.2148,24
1KB5_HLB,svdd_af_baddg,cluster_top3,1,-0.5045,-0.47404166666666664,-0.14686,0.0076,24
1KB5_HLB,svdd_af_baddg,single,0,-0.3082,-0.28174166666666667,-0.16699999999999998,-0.0739,24
1KB5_HLB,svdd_af_baddg,single,1,-0.4587,-0.32882083333333334,-0.0361,0.0614,24
1KXT_DC,svdd_af_baddg,cluster_top1,0,-0.9259,-0.7921499999999999,-0.62778,-0.5722,24
1KXT_DC,svdd_af_baddg,cluster_top1,1,-0.2103,-0.15509166666666666,-0.04478,-0.0107,24
1KXT_DC,svdd_af_baddg,cluster_top2,0,0.2214,0.03587916666666666,0.18586,0.2839,24
1KXT_DC,svdd_af_baddg,cluster_top2,1,0.5872,0.3873125,0.7845,0.9148,24
1KXT_DC,svdd_af_baddg,cluster_top3,0,0.1184,0.0643125,0.26494,0.3186,24
1KXT_DC,svdd_af_baddg,cluster_top3,1,-0.4214,-0.3878625,-0.20268000000000003,-0.166,24
1KXT_DC,svdd_af_baddg,single,0,0.666,0.7578291666666667,0.9800000000000001,1.0806,24
1KXT_DC,svdd_af_baddg,single,1,-0.6544,-0.4026083333333333,-0.2217,-0.1614,24
1KXT_FE,svdd_af_baddg,cluster_top1,0,0.8688,0.24775,0.88346,1.1197,24
1KXT_FE,svdd_af_baddg,cluster_top1,1,0.4136,0.3483041666666667,0.70884,0.8433,24
1KXT_FE,svdd_af_baddg,cluster_top2,0,0.4607,0.3986166666666667,0.9053599999999999,1.1716,24
1KXT_FE,svdd_af_baddg,cluster_top2,1,0.0532,0.21375833333333336,0.52258,0.6449,24
1KXT_FE,svdd_af_baddg,cluster_top3,0,0.0519,0.10232916666666665,0.40864,0.5022,24
1KXT_FE,svdd_af_baddg,cluster_top3,1,0.1402,0.1110875,0.42245999999999995,0.5967,24
1KXT_FE,svdd_af_baddg,single,0,0.2619,0.10713750000000001,0.4452,0.4807,24
1KXT_FE,svdd_af_baddg,single,1,-0.1533,-0.05989166666666667,0.2145,0.3698,24
1RJC_AB,svdd_af_baddg,cluster_top1,0,0.3689,0.40496249999999995,0.7319599999999999,0.8214,24
1RJC_AB,svdd_af_baddg,cluster_top1,1,-0.7164,-0.6959166666666666,-0.40191999999999994,-0.178,24
1RJC_AB,svdd_af_baddg,cluster_top2,0,-0.6875,-0.7032208333333333,-0.47034000000000004,-0.4269,24
1RJC_AB,svdd_af_baddg,cluster_top2,1,-0.4876,-0.22544166666666668,0.06011999999999999,0.1633,24
1RJC_AB,svdd_af_baddg,cluster_top3,0,-0.1635,-0.006712499999999994,0.38436000000000003,0.5366,24
1RJC_AB,svdd_af_baddg,cluster_top3,1,1.6703,1.2299708333333335,1.4632200000000002,1.5161,24
1RJC_AB,svdd_af_baddg,single,0,-0.9487,-1.0931916666666666,-0.8380000000000001,-0.8115,24
1RJC_AB,svdd_af_baddg,single,1,-1.368,-1.2051083333333332,-0.86542,-0.774,24
1ZVH_AL,svdd_af_baddg,cluster_top1,0,-0.4344,-0.2735625,0.16692,0.4507,24
1ZVH_AL,svdd_af_baddg,cluster_top1,1,2.7847,2.5395125000000003,3.02378,3.1861,24
1ZVH_AL,svdd_af_baddg,cluster_top2,0,1.0246,0.9309833333333333,1.56918,1.935,24
1ZVH_AL,svdd_af_baddg,cluster_top2,1,2.1108,2.227195833333333,2.64802,2.7397,24
1ZVH_AL,svdd_af_baddg,cluster_top3,0,4.5516,4.274925,4.9268,5.2717,24
1ZVH_AL,svdd_af_baddg,cluster_top3,1,0.714,1.3412999999999997,2.08188,2.5282,24
1ZVH_AL,svdd_af_baddg,single,0,6.245,5.903225,6.6121799999999995,6.7295,24
1ZVH_AL,svdd_af_baddg,single,1,0.3232,0.7959041666666667,1.27382,1.361,24
3L5W_HLI,svdd_af_baddg,cluster_top1,0,-0.7078,-0.7604833333333333,-0.52,-0.4483,24
3L5W_HLI,svdd_af_baddg,cluster_top1,1,-1.0617,-0.5569916666666667,0.014099999999999996,0.0739,24
3L5W_HLI,svdd_af_baddg,cluster_top2,0,-0.5295,-0.011762499999999997,0.47964,0.547,24
3L5W_HLI,svdd_af_baddg,cluster_top2,1,0.3677,0.7609916666666666,1.14526,1.2462,24
3L5W_HLI,svdd_af_baddg,cluster_top3,0,-0.8367,-0.6948083333333334,-0.50632,-0.3478,24
3L5W_HLI,svdd_af_baddg,cluster_top3,1,-0.5017,-0.5979833333333333,-0.42142,-0.1995,24
3L5W_HLI,svdd_af_baddg,single,0,-0.0441,-0.4034333333333333,0.1282,0.3393,24
3L5W_HLI,svdd_af_baddg,single,1,0.0594,-0.0694625,0.19394,0.3001,24
3L5X_HLA,svdd_af_baddg,cluster_top1,0,-0.3264,-0.29644583333333335,-0.23447999999999997,-0.2182,24
3L5X_HLA,svdd_af_baddg,cluster_top1,1,-0.7253,-0.6929666666666666,-0.45822,-0.3389,24
3L5X_HLA,svdd_af_baddg,cluster_top2,0,-0.8519,-0.8857208333333334,-0.7541800000000001,-0.6238,24
3L5X_HLA,svdd_af_baddg,cluster_top2,1,-0.2311,-0.08790416666666667,0.16226000000000002,0.2249,24
3L5X_HLA,svdd_af_baddg,cluster_top3,0,-0.5437,-0.5211666666666667,-0.3715400000000001,-0.3478,24
3L5X_HLA,svdd_af_baddg,cluster_top3,1,-0.8135,-0.8719999999999999,-0.68412,-0.5587,24
3L5X_HLA,svdd_af_baddg,single,0,1.4985,1.5553041666666665,1.84484,1.9507,24
3L5X_HLA,svdd_af_baddg,single,1,-0.0049,-0.07321666666666667,0.18856,0.3138,24
3OGO_FC,svdd_af_baddg,cluster_top1,0,0.7232,0.42460416666666667,0.6507999999999999,0.7245,24
3OGO_FC,svdd_af_baddg,cluster_top1,1,-0.1108,0.21309166666666668,0.39021999999999996,0.4164,24
3OGO_FC,svdd_af_baddg,cluster_top2,0,1.8279,1.6536333333333335,1.8252200000000003,1.9726,24
3OGO_FC,svdd_af_baddg,cluster_top2,1,1.2663,0.6831708333333332,1.13574,1.488,24
3OGO_FC,svdd_af_baddg,cluster_top3,0,1.6339,1.5822083333333332,1.76296,1.887,24
3OGO_FC,svdd_af_baddg,cluster_top3,1,2.8596,2.5208833333333334,2.8764600000000002,3.0658,24
3OGO_FC,svdd_af_baddg,single,0,0.4807,0.4430041666666667,0.74728,0.8751,24
3OGO_FC,svdd_af_baddg,single,1,2.8403,2.8960708333333334,3.1750599999999998,3.2571,24
3OGO_GB,svdd_af_baddg,cluster_top1,0,1.4165,1.3856791666666668,1.53516,1.6697,24
3OGO_GB,svdd_af_baddg,cluster_top1,1,1.1659,1.1501833333333333,1.37188,1.4181,24
3OGO_GB,svdd_af_baddg,cluster_top2,0,2.0622,1.4911375,1.7550599999999998,1.8433,24
3OGO_GB,svdd_af_baddg,cluster_top2,1,1.5066,1.4299333333333333,1.6124800000000001,1.7113,24
3OGO_GB,svdd_af_baddg,cluster_top3,0,1.9878,1.9327500000000002,2.1226,2.2608,24
3OGO_GB,svdd_af_baddg,cluster_top3,1,1.5138,1.5533375000000003,1.7328800000000002,1.8322,24
3OGO_GB,svdd_af_baddg,single,0,1.9325,1.8326500000000001,2.08962,2.1886,24
3OGO_GB,svdd_af_baddg,single,1,2.4405,2.403020833333333,2.58674,2.7114,24
3VI3_HLD,svdd_af_baddg,cluster_top1,0,-0.9137,-0.8456208333333334,-0.58456,-0.4427,24
3VI3_HLD,svdd_af_baddg,cluster_top1,1,-1.2759,-1.5233249999999998,-1.1217599999999999,-0.9124,24
3VI3_HLD,svdd_af_baddg,cluster_top2,0,-1.0357,-1.4270166666666666,-0.96308,-0.8991,24
3VI3_HLD,svdd_af_baddg,cluster_top2,1,-1.1671,-1.7403916666666668,-1.2238200000000001,-1.0232,24
3VI3_HLD,svdd_af_baddg,cluster_top3,0,-2.3068,-2.1418291666666667,-1.7557800000000001,-1.5303,24
3VI3_HLD,svdd_af_baddg,cluster_top3,1,-0.6625,-0.493825,-0.004199999999999998,0.1293,24
3VI3_HLD,svdd_af_baddg,single,0,-0.8261,-1.0574291666666666,-0.78136,-0.6793,24
3VI3_HLD,svdd_af_baddg,single,1,-4.4383,-4.2086125,-3.8946600000000005,-3.8208,24
4AL8_HLC,svdd_af_baddg,cluster_top1,0,-0.5256,-0.46797916666666667,-0.18828,-0.1272,24
4AL8_HLC,svdd_af_baddg,cluster_top1,1,-0.1133,-0.0175375,0.16830000000000003,0.2964,24
4AL8_HLC,svdd_af_baddg,cluster_top2,0,-0.4723,-0.375825,-0.05606,0.0923,24
4AL8_HLC,svdd_af_baddg,cluster_top2,1,-0.2088,-0.10675833333333334,-0.01068,0.086,24
4AL8_HLC,svdd_af_baddg,cluster_top3,0,-0.2925,-0.18546666666666667,-0.07136,-0.0397,24
4AL8_HLC,svdd_af_baddg,cluster_top3,1,-0.336,-0.2515083333333334,0.11970000000000003,0.3632,24
4AL8_HLC,svdd_af_baddg,single,0,-0.6609,-0.5154375,-0.21509999999999999,-0.0644,24
4AL8_HLC,svdd_af_baddg,single,1,-0.2063,-0.06680416666666666,0.25554,0.3554,24
4BZ1_HLA,svdd_af_baddg,cluster_top1,0,-0.1653,-0.3937125000000001,-0.014860000000000002,0.1592,24
4BZ1_HLA,svdd_af_baddg,cluster_top1,1,-0.5864,-0.3202125,0.08652000000000001,0.3725,24
4BZ1_HLA,svdd_af_baddg,cluster_top2,0,-0.7963,-0.5858708333333333,-0.19346000000000002,-0.1105,24
4BZ1_HLA,svdd_af_baddg,cluster_top2,1,-0.2908,-0.12739583333333335,0.25792000000000004,0.4114,24
4BZ1_HLA,svdd_af_baddg,cluster_top3,0,-0.0358,0.19153333333333333,0.46548,0.4933,24
4BZ1_HLA,svdd_af_baddg,cluster_top3,1,-0.5023,-0.038375,0.35822,0.4447,24
4BZ1_HLA,svdd_af_baddg,single,0,-0.5204,-0.5796083333333333,-0.23752,0.0725,24
4BZ1_HLA,svdd_af_baddg,single,1,0.2226,0.3923791666666667,0.6672999999999998,0.7342,24
4L5F_HLE,svdd_af_baddg,cluster_top1,0,-0.4317,0.3907041666666667,0.8151400000000001,0.9229,24
4L5F_HLE,svdd_af_baddg,cluster_top1,1,0.6073,0.8806166666666666,1.35884,1.4995,24
4L5F_HLE,svdd_af_baddg,cluster_top2,0,1.3466,1.8653583333333332,2.24562,2.3156,24
4L5F_HLE,svdd_af_baddg,cluster_top2,1,2.9183,3.3171708333333334,3.6336799999999996,3.7575,24
4L5F_HLE,svdd_af_baddg,cluster_top3,0,2.384,3.0974000000000004,3.7502000000000004,4.0593,24
4L5F_HLE,svdd_af_baddg,cluster_top3,1,1.9721,2.2085416666666666,2.52602,2.7116,24
4L5F_HLE,svdd_af_baddg,single,0,1.5492,1.959233333333333,2.3247,2.6305,24
4L5F_HLE,svdd_af_baddg,single,1,1.9209,1.9822666666666666,2.3491799999999996,2.531,24
5DUM_HLA,svdd_af_baddg,cluster_top1,0,0.2827,0.6818874999999999,1.16168,1.2675,24
5DUM_HLA,svdd_af_baddg,cluster_top1,1,0.8002,1.3475000000000001,1.8925599999999996,2.0395,24
5DUM_HLA,svdd_af_baddg,cluster_top2,0,2.4207,2.1756541666666664,2.7623800000000003,3.006,24
5DUM_HLA,svdd_af_baddg,cluster_top2,1,0.4584,0.32556666666666667,0.86334,1.234,24
5DUM_HLA,svdd_af_baddg,cluster_top3,0,0.8851,1.4692250000000004,1.8798400000000002,2.0129,24
5DUM_HLA,svdd_af_baddg,cluster_top3,1,2.6099,2.518875,2.9963,3.2163,24
5DUM_HLA,svdd_af_baddg,single,0,0.9797,1.7165291666666667,2.26638,2.4494,24
5DUM_HLA,svdd_af_baddg,single,1,0.7951,1.4401708333333332,2.18988,2.3732,24
5GJS_HLB,svdd_af_baddg,cluster_top1,0,-1.8519,-0.6864666666666667,-0.029860000000000008,0.4246,24
5GJS_HLB,svdd_af_baddg,cluster_top1,1,-0.2331,0.23169166666666666,0.58836,0.6488,24
5GJS_HLB,svdd_af_baddg,cluster_top2,0,1.3172,1.3790291666666665,1.7056799999999999,1.8435,24
5GJS_HLB,svdd_af_baddg,cluster_top2,1,0.2429,0.7781000000000001,1.02818,1.1545,24
5GJS_HLB,svdd_af_baddg,cluster_top3,0,1.1259,1.4813833333333335,1.8153400000000002,2.074,24
5GJS_HLB,svdd_af_baddg,cluster_top3,1,0.126,0.20319166666666666,0.71254,0.9154,24
5GJS_HLB,svdd_af_baddg,single,0,-0.3147,0.4991041666666667,0.82614,0.8618,24
5GJS_HLB,svdd_af_baddg,single,1,1.3749,1.8644916666666667,2.2671,2.5541,24
5GZN_HLA,svdd_af_baddg,cluster_top1,0,-1.4956,-1.1611624999999999,-0.533,-0.1513,24
5GZN_HLA,svdd_af_baddg,cluster_top1,1,-1.3804,-1.48805,-0.49998,-0.224,24
5GZN_HLA,svdd_af_baddg,cluster_top2,0,-1.5039,-1.645345833333333,-0.583,0.0388,24
5GZN_HLA,svdd_af_baddg,cluster_top2,1,-1.5471,-1.2243958333333333,-0.36268,0.2758,24
5GZN_HLA,svdd_af_baddg,cluster_top3,0,-2.4018,-1.8327833333333334,-0.88384,-0.4195,24
5GZN_HLA,svdd_af_baddg,cluster_top3,1,1.4401,0.9331541666666666,1.64372,1.8233,24
5GZN_HLA,svdd_af_baddg,single,0,1.7653,1.631729166666667,2.16276,2.4497,24
5GZN_HLA,svdd_af_baddg,single,1,-1.1526,-0.6890458333333332,0.20222,0.4863,24
5JHL_HLA,svdd_af_baddg,cluster_top1,0,0.2291,0.26605,0.6119399999999999,0.8585,24
5JHL_HLA,svdd_af_baddg,cluster_top1,1,0.9753,0.8207541666666667,1.44798,1.7766,24
5JHL_HLA,svdd_af_baddg,cluster_top2,0,0.3078,-0.2806,0.3056,0.7489,24
5JHL_HLA,svdd_af_baddg,cluster_top2,1,0.0731,-0.022341666666666666,0.46358,0.9946,24
5JHL_HLA,svdd_af_baddg,cluster_top3,0,1.4295,0.8815124999999999,1.2110400000000001,1.4742,24
5JHL_HLA,svdd_af_baddg,cluster_top3,1,0.0315,0.231525,0.59658,0.7275,24
5JHL_HLA,svdd_af_baddg,single,0,-0.0923,0.16324166666666667,0.6529,0.7497,24
5JHL_HLA,svdd_af_baddg,single,1,0.6402,0.5958541666666667,1.12922,1.5871,24
5MVZ_HLU,svdd_af_baddg,cluster_top1,0,-0.3074,-0.22761666666666666,0.12216,0.2071,24
5MVZ_HLU,svdd_af_baddg,cluster_top1,1,-1.2618,-1.4581791666666666,-1.22762,-1.0955,24
5MVZ_HLU,svdd_af_baddg,cluster_top2,0,-0.3793,-0.4392833333333333,-0.006739999999999991,0.439,24
5MVZ_HLU,svdd_af_baddg,cluster_top2,1,-0.1749,-0.4160333333333333,-0.23554,-0.1753,24
5MVZ_HLU,svdd_af_baddg,cluster_top3,0,0.1256,-0.10164583333333334,0.20134,0.2259,24
5MVZ_HLU,svdd_af_baddg,cluster_top3,1,-0.7866,-0.3970291666666667,-0.09925999999999999,0.027,24
5MVZ_HLU,svdd_af_baddg,single,0,-0.2183,-0.013195833333333332,0.28442,0.4607,24
5MVZ_HLU,svdd_af_baddg,single,1,0.1089,0.08350833333333334,0.3408,0.434,24
5UGY_HLA,svdd_af_baddg,cluster_top1,0,-0.8979,-0.9319375000000001,-0.8164000000000001,-0.785,24
5UGY_HLA,svdd_af_baddg,cluster_top1,1,-0.901,-0.6947125,-0.47644000000000003,-0.3861,24
5UGY_HLA,svdd_af_baddg,cluster_top2,0,-0.2222,-0.12632500000000002,0.08874,0.1114,24
5UGY_HLA,svdd_af_baddg,cluster_top2,1,0.748,0.38237916666666666,0.53832,0.6731,24
5UGY_HLA,svdd_af_baddg,cluster_top3,0,1.9088,1.0713458333333332,1.45568,1.5797,24
5UGY_HLA,svdd_af_baddg,cluster_top3,1,-0.2613,-0.278675,-0.07926000000000001,0.0249,24
5UGY_HLA,svdd_af_baddg,single,0,0.3101,0.28785,0.50188,0.6266,24
5UGY_HLA,svdd_af_baddg,single,1,3.4403,2.751591666666666,3.12722,3.3778,24
5VIC_HLE,svdd_af_baddg,cluster_top1,0,-1.1394,-1.20735,-0.64412,-0.4768,24
5VIC_HLE,svdd_af_baddg,cluster_top1,1,-2.5675,-1.7282583333333335,-1.01886,-0.5984,24
5VIC_HLE,svdd_af_baddg,cluster_top2,0,-0.4623,-0.3726125,0.46826,0.7711,24
5VIC_HLE,svdd_af_baddg,cluster_top2,1,-1.2655,-0.9162708333333334,-0.38855999999999996,-0.1928,24
5VIC_HLE,svdd_af_baddg,cluster_top3,0,0.2493,0.0377625,0.97746,1.6454,24
5VIC_HLE,svdd_af_baddg,cluster_top3,1,-0.482,-0.09866666666666667,0.46242,0.8296,24
5VIC_HLE,svdd_af_baddg,single,0,-1.0972,-0.9765708333333333,-0.18462,0.0582,24
5VIC_HLE,svdd_af_baddg,single,1,-1.3472,-1.3250625,-0.7992000000000001,-0.5152,24
5VIG_HLZ,svdd_af_baddg,cluster_top1,0,-2.4344,-2.105770833333333,-1.793,-1.728,24
5VIG_HLZ,svdd_af_baddg,cluster_top1,1,-0.7912,-0.7923666666666667,-0.28593999999999997,-0.2125,24
5VIG_HLZ,svdd_af_baddg,cluster_top2,0,0.2623,0.6808791666666666,1.12874,1.2222,24
5VIG_HLZ,svdd_af_baddg,cluster_top2,1,0.1803,0.15011250000000004,0.6808600000000001,0.7389,24
5VIG_HLZ,svdd_af_baddg,cluster_top3,0,1.9508,1.5981375,2.3937600000000003,2.5765,24
5VIG_HLZ,svdd_af_baddg,cluster_top3,1,-0.1987,-0.22116666666666665,0.30404000000000003,0.5976,24
5VIG_HLZ,svdd_af_baddg,single,0,0.7079,1.0465958333333332,1.72486,1.909,24
5VIG_HLZ,svdd_af_baddg,single,1,-0.9999,-0.5625833333333333,-0.12222,0.0606,24
6AJ9_HLC,svdd_af_baddg,cluster_top1,0,-0.824,-0.9256666666666667,-0.80914,-0.764,24
6AJ9_HLC,svdd_af_baddg,cluster_top1,1,-0.1655,-0.3747875,-0.08278,0.0621,24
6AJ9_HLC,svdd_af_baddg,cluster_top2,0,-0.6392,-0.4888333333333333,-0.38392,-0.3707,24
6AJ9_HLC,svdd_af_baddg,cluster_top2,1,-0.392,-0.37806249999999997,-0.11683999999999999,-0.0452,24
6AJ9_HLC,svdd_af_baddg,cluster_top3,0,-0.7555,-0.80985,-0.65278,-0.5648,24
6AJ9_HLC,svdd_af_baddg,cluster_top3,1,-0.3564,-0.42783750000000004,-0.20868000000000003,-0.078,24
6AJ9_HLC,svdd_af_baddg,single,0,0.8852,0.5776333333333333,0.8646,0.93,24
6AJ9_HLC,svdd_af_baddg,single,1,-0.127,-0.10895833333333334,0.10868,0.2241,24
6FLA_HLI,svdd_af_baddg,cluster_top1,0,0.2811,0.21756666666666669,0.71386,1.6292,24
6FLA_HLI,svdd_af_baddg,cluster_top1,1,0.4248,0.4250958333333334,0.46158,0.4744,24
6FLA_HLI,svdd_af_baddg,cluster_top2,0,0.7042,0.8212125,0.9768399999999999,1.1958,24
6FLA_HLI,svdd_af_baddg,cluster_top2,1,0.829,0.9178958333333332,1.14244,1.2792,24
6FLA_HLI,svdd_af_baddg,cluster_top3,0,0.3793,0.25850833333333334,0.48622,0.5825,24
6FLA_HLI,svdd_af_baddg,cluster_top3,1,0.4076,0.41357916666666666,0.43892,0.4499,24
6FLA_HLI,svdd_af_baddg,single,0,-0.1593,0.26009583333333336,0.35304,0.375,24
6FLA_HLI,svdd_af_baddg,single,1,0.6734,0.6182833333333333,0.7303599999999999,0.7592,24
6FLB_HLG,svdd_af_baddg,cluster_top1,0,0.489,0.6090166666666667,0.8523,1.0903,24
6FLB_HLG,svdd_af_baddg,cluster_top1,1,0.4497,0.5993291666666667,0.8692,1.14,24
6FLB_HLG,svdd_af_baddg,cluster_top2,0,-0.2224,-0.0580375,0.0518,0.0759,24
6FLB_HLG,svdd_af_baddg,cluster_top2,1,-0.7928,-0.6047875,0.30706000000000006,1.6356,24
6FLB_HLG,svdd_af_baddg,cluster_top3,0,0.0346,0.024633333333333337,0.17443999999999998,0.2274,24
6FLB_HLG,svdd_af_baddg,cluster_top3,1,1.7131,1.5628291666666667,2.0721800000000004,3.1803,24
6FLB_HLG,svdd_af_baddg,single,0,0.3845,0.31077916666666666,1.10702,2.3618,24
6FLB_HLG,svdd_af_baddg,single,1,1.1031,1.0369,1.59362,3.0999,24
6KZ0_KLJ,svdd_af_baddg,cluster_top1,0,-0.4578,-0.5310583333333333,-0.20312000000000002,-0.1084,24
6KZ0_KLJ,svdd_af_baddg,cluster_top1,1,-0.4594,-0.6533875,-0.3174,-0.2085,24
6KZ0_KLJ,svdd_af_baddg,cluster_top2,0,-0.8197,-0.4730916666666667,-0.1461,-0.0896,24
6KZ0_KLJ,svdd_af_baddg,cluster_top2,1,-2.1863,-1.5621208333333332,-1.14274,-1.0426,24
6KZ0_KLJ,svdd_af_baddg,cluster_top3,0,-0.6688,-0.3630416666666667,-0.09547999999999998,0.0211,24
6KZ0_KLJ,svdd_af_baddg,cluster_top3,1,-1.2391,-1.0788125,-0.72808,-0.6687,24
6KZ0_KLJ,svdd_af_baddg,single,0,-0.4481,-0.38177083333333334,-0.1605,-0.104,24
6KZ0_KLJ,svdd_af_baddg,single,1,-1.2323,-1.005025,-0.73662,-0.655,24
6MLM_KLH,svdd_af_baddg,cluster_top1,0,1.1138,1.0070416666666666,1.5083,1.8988,24
6MLM_KLH,svdd_af_baddg,cluster_top1,1,0.8964,0.8904208333333333,1.2236799999999999,1.3938,24
6MLM_KLH,svdd_af_baddg,cluster_top2,0,1.4125,1.2619625,1.5726600000000002,1.7818,24
6MLM_KLH,svdd_af_baddg,cluster_top2,1,0.8782,0.6507166666666667,1.06646,1.3112,24
6MLM_KLH,svdd_af_baddg,cluster_top3,0,0.9601,0.8624125,1.3808399999999998,1.6516,24
6MLM_KLH,svdd_af_baddg,cluster_top3,1,0.5825,1.4352833333333332,1.8102600000000002,1.9372,24
6MLM_KLH,svdd_af_baddg,single,0,1.5405,1.2329291666666666,1.64482,1.911,24
6MLM_KLH,svdd_af_baddg,single,1,2.6451,2.2878541666666665,2.9470199999999998,3.2675,24
6PLK_HLE,svdd_af_baddg,cluster_top1,0,0.3491,0.5832958333333332,1.6271799999999998,1.8534,24
6PLK_HLE,svdd_af_baddg,cluster_top1,1,-0.4276,-0.46118750000000003,0.04463999999999999,0.2424,24
6PLK_HLE,svdd_af_baddg,cluster_top2,0,-1.6593,-1.8109333333333335,-1.3177400000000001,-1.07,24
6PLK_HLE,svdd_af_baddg,cluster_top2,1,0.3916,0.7262541666666668,1.1755799999999998,1.3577,24
6PLK_HLE,svdd_af_baddg,cluster_top3,0,0.0449,0.2680875,0.6150999999999999,0.836,24
6PLK_HLE,svdd_af_baddg,cluster_top3,1,0.0771,0.10588333333333333,0.85488,1.005,24
6PLK_HLE,svdd_af_baddg,single,0,-0.3313,-0.6525125,-0.14824,-0.0166,24
6PLK_HLE,svdd_af_baddg,single,1,-0.375,-0.047129166666666666,0.16495999999999997,0.3579,24
6QX4_DA,svdd_af_baddg,cluster_top1,0,-0.6682,-1.1575208333333333,-0.5655,-0.3081,24
6QX4_DA,svdd_af_baddg,cluster_top1,1,-1.9332,-1.3740625,-0.8521599999999999,-0.6121,24
6QX4_DA,svdd_af_baddg,cluster_top2,0,0.8174,1.0840291666666666,1.6619599999999999,1.9259,24
6QX4_DA,svdd_af_baddg,cluster_top2,1,0.1442,0.033820833333333335,0.24994,0.3055,24
6QX4_DA,svdd_af_baddg,cluster_top3,0,1.4914,2.0420125000000002,2.50338,2.6853,24
6QX4_DA,svdd_af_baddg,cluster_top3,1,-0.0476,-0.08861249999999998,0.6731799999999999,0.8851,24
6QX4_DA,svdd_af_baddg,single,0,1.6158,1.11485,1.58914,1.6764,24
6QX4_DA,svdd_af_baddg,single,1,1.6671,1.2985916666666666,2.00018,2.2014,24
6QX4_HB,svdd_af_baddg,cluster_top1,0,-2.113,-2.0729333333333333,-1.63326,-1.4566,24
6QX4_HB,svdd_af_baddg,cluster_top1,1,-3.5581,-3.0836208333333333,-2.39918,-1.9849,24
6QX4_HB,svdd_af_baddg,cluster_top2,0,-0.3042,0.2246875,0.8868199999999999,1.2141,24
6QX4_HB,svdd_af_baddg,cluster_top2,1,-1.5585,-1.4628916666666667,-0.77996,-0.5536,24
6QX4_HB,svdd_af_baddg,cluster_top3,0,0.8718,0.9190375000000001,1.2613600000000003,1.4386,24
6QX4_HB,svdd_af_baddg,cluster_top3,1,-0.798,-1.2096125,-0.71178,-0.5917,24
6QX4_HB,svdd_af_baddg,single,0,0.1409,0.7264291666666667,1.4951599999999998,1.9946,24
6QX4_HB,svdd_af_baddg,single,1,0.1243,0.016883333333333337,0.35126,0.571,24
6VJA_HLC,svdd_af_baddg,cluster_top1,0,-0.2093,-1.0821708333333333,-0.26314000000000004,0.0926,24
6VJA_HLC,svdd_af_baddg,cluster_top1,1,-1.0114,-1.4339333333333333,-0.7794000000000001,-0.296,24
6VJA_HLC,svdd_af_baddg,cluster_top2,0,-0.7014,-0.9856166666666667,-0.49964,0.0163,24
6VJA_HLC,svdd_af_baddg,cluster_top2,1,-0.5834,-1.0998875000000001,-0.4340400000000001,-0.1336,24
6VJA_HLC,svdd_af_baddg,cluster_top3,0,-0.5653,-1.1437416666666669,-0.54086,-0.0966,24
6VJA_HLC,svdd_af_baddg,cluster_top3,1,-0.7079,-0.5820041666666668,0.20407999999999996,0.6676,24
6VJA_HLC,svdd_af_baddg,single,0,0.5238,0.9287333333333333,1.505,2.1962,24
6VJA_HLC,svdd_af_baddg,single,1,-0.3415,-0.7028166666666666,-0.36626000000000003,-0.0218,24
6VRQ_HLA,svdd_af_baddg,cluster_top1,0,2.6104,2.174775,2.6498,2.8417,24
6VRQ_HLA,svdd_af_baddg,cluster_top1,1,0.6814,1.1326875,1.61098,1.9355,24
6VRQ_HLA,svdd_af_baddg,cluster_top2,0,4.9661,4.486933333333333,5.0913200000000005,5.3145,24
6VRQ_HLA,svdd_af_baddg,cluster_top2,1,5.9109,4.6529125,4.99722,5.1287,24
6VRQ_HLA,svdd_af_baddg,cluster_top3,0,4.7683,4.6671708333333335,5.1135399999999995,5.34,24
6VRQ_HLA,svdd_af_baddg,cluster_top3,1,4.2295,3.6684875,4.40416,4.8382,24
6VRQ_HLA,svdd_af_baddg,single,0,3.2522,3.1186958333333332,3.6609000000000003,4.0233,24
6VRQ_HLA,svdd_af_baddg,single,1,4.7956,4.153004166666666,4.71112,4.8525,24
7AMS_HLB,svdd_af_baddg,cluster_top1,0,0.1451,-0.1744,0.39414000000000005,0.4812,24
7AMS_HLB,svdd_af_baddg,cluster_top1,1,1.3589,1.2828416666666667,2.0123999999999995,2.4454,24
7AMS_HLB,svdd_af_baddg,cluster_top2,0,0.0641,-0.11002916666666666,0.34750000000000003,0.6773,24
7AMS_HLB,svdd_af_baddg,cluster_top2,1,-1.7418,-1.3116416666666666,-0.95222,-0.7661,24
7AMS_HLB,svdd_af_baddg,cluster_top3,0,-0.8215,-0.8836541666666667,-0.32306,-0.1906,24
7AMS_HLB,svdd_af_baddg,cluster_top3,1,-0.9808,-1.1111791666666668,-0.60488,-0.3034,24
7AMS_HLB,svdd_af_baddg,single,0,-0.0426,-0.3805958333333333,0.07412,0.1564,24
7AMS_HLB,svdd_af_baddg,single,1,0.3601,0.6457625,1.3458199999999998,1.6034,24
7BQ5_HLA,svdd_af_baddg,cluster_top1,0,2.3814,2.2945791666666664,2.4483599999999996,2.484,24
7BQ5_HLA,svdd_af_baddg,cluster_top1,1,1.6581,1.71885,1.89346,1.9646,24
7BQ5_HLA,svdd_af_baddg,cluster_top2,0,1.9285,1.7973499999999998,1.9985200000000003,2.0691,24
7BQ5_HLA,svdd_af_baddg,cluster_top2,1,2.3263,2.3502083333333332,2.6091,2.6655,24
7BQ5_HLA,svdd_af_baddg,cluster_top3,0,1.5331,1.4822583333333335,1.7378399999999998,1.8338,24
7BQ5_HLA,svdd_af_baddg,cluster_top3,1,2.756,2.6833625,2.90754,2.941,24
7BQ5_HLA,svdd_af_baddg,single,0,0.1439,0.12416666666666666,0.26992,0.3052,24
7BQ5_HLA,svdd_af_baddg,single,1,0.5609,0.4805,0.6519600000000001,0.7247,24
7CN2_GgE,svdd_af_baddg,cluster_top1,0,-2.6691,-2.8123375,-2.4526399999999997,-2.2342,24
7CN2_GgE,svdd_af_baddg,cluster_top1,1,-2.6463,-2.715666666666667,-2.48386,-2.4351,24
7CN2_GgE,svdd_af_baddg,cluster_top2,0,-1.7103,-1.968775,-1.6647200000000002,-1.6075,24
7CN2_GgE,svdd_af_baddg,cluster_top2,1,-4.5101,-4.081479166666667,-3.6785200000000002,-3.3977,24
7CN2_GgE,svdd_af_baddg,cluster_top3,0,-0.7113,-1.0550541666666666,-0.5954400000000001,-0.5337,24
7CN2_GgE,svdd_af_baddg,cluster_top3,1,-3.7278,-3.6983791666666668,-3.45726,-3.4039,24
7CN2_GgE,svdd_af_baddg,single,0,-0.0505,-0.204425,0.13098,0.3393,24
7CN2_GgE,svdd_af_baddg,single,1,1.31,0.7423958333333333,1.37424,1.6309,24
7JLK_HLB,svdd_af_baddg,cluster_top1,0,-0.8265,-1.0102875,-0.5807,-0.3117,24
7JLK_HLB,svdd_af_baddg,cluster_top1,1,-1.8729,-1.0690875,-0.433,-0.2268,24
7JLK_HLB,svdd_af_baddg,cluster_top2,0,-0.5503,0.03737083333333333,0.40965999999999997,0.5179,24
7JLK_HLB,svdd_af_baddg,cluster_top2,1,-0.1842,-0.09874166666666663,0.35472000000000004,0.4747,24
7JLK_HLB,svdd_af_baddg,cluster_top3,0,-0.6182,-0.7287875,-0.3909,-0.1666,24
7JLK_HLB,svdd_af_baddg,cluster_top3,1,-1.5339,-1.2453166666666666,-0.51022,-0.1785,24
7JLK_HLB,svdd_af_baddg,single,0,-1.1028,-1.2669833333333334,-0.78556,-0.7128,24
7JLK_HLB,svdd_af_baddg,single,1,0.2438,0.13963333333333333,0.40219999999999995,0.4843,24
7MZK_HLA,svdd_af_baddg,cluster_top1,0,0.637,0.38609583333333336,0.68146,0.8515,24
7MZK_HLA,svdd_af_baddg,cluster_top1,1,-0.4105,-0.28073750000000003,0.014200000000000004,0.0963,24
7MZK_HLA,svdd_af_baddg,cluster_top2,0,2.3739,2.7476958333333332,3.18694,3.3064,24
7MZK_HLA,svdd_af_baddg,cluster_top2,1,1.217,1.4369833333333333,1.7827000000000002,1.8849,24
7MZK_HLA,svdd_af_baddg,cluster_top3,0,2.3081,2.3238583333333334,2.55046,2.5819,24
7MZK_HLA,svdd_af_baddg,cluster_top3,1,3.1383,3.1351750000000003,3.6107199999999997,3.9537,24
7MZK_HLA,svdd_af_baddg,single,0,1.6358,1.71715,2.11626,2.2854,24
7MZK_HLA,svdd_af_baddg,single,1,2.0324,1.8802208333333335,2.2376600000000004,2.3695,24
7OR9_HLE,svdd_af_baddg,cluster_top1,0,1.2334,1.0444208333333334,1.32102,1.4551,24
7OR9_HLE,svdd_af_baddg,cluster_top1,1,0.8522,0.9686833333333332,1.36374,1.546,24
7OR9_HLE,svdd_af_baddg,cluster_top2,0,1.2998,1.522975,1.9313399999999998,2.0458,24
7OR9_HLE,svdd_af_baddg,cluster_top2,1,0.4954,0.44612083333333336,0.66574,0.7358,24
7OR9_HLE,svdd_af_baddg,cluster_top3,0,2.194,2.087941666666667,2.5080999999999998,2.7283,24
7OR9_HLE,svdd_af_baddg,cluster_top3,1,2.446,2.5586708333333332,2.8971,3.0831,24
7OR9_HLE,svdd_af_baddg,single,0,1.2734,1.2045583333333332,1.7073,2.0049,24
7OR9_HLE,svdd_af_baddg,single,1,3.3087,3.0479416666666665,3.37716,3.5949,24
7STZ_HLC,svdd_af_baddg,cluster_top1,0,1.4305,1.2406916666666667,1.43566,1.5079,24
7STZ_HLC,svdd_af_baddg,cluster_top1,1,0.2998,0.1862541666666667,0.3133,0.3649,24
7STZ_HLC,svdd_af_baddg,cluster_top2,0,0.1557,0.12594166666666665,0.22361999999999999,0.2699,24
7STZ_HLC,svdd_af_baddg,cluster_top2,1,1.3222,1.3673874999999998,1.52258,1.682,24
7STZ_HLC,svdd_af_baddg,cluster_top3,0,0.2631,0.1151375,0.2193,0.2975,24
7STZ_HLC,svdd_af_baddg,cluster_top3,1,1.6471,1.3818249999999999,1.58372,1.6667,24
7STZ_HLC,svdd_af_baddg,single,0,2.2923,2.243679166666667,2.47554,2.5122,24
7STZ_HLC,svdd_af_baddg,single,1,1.0217,0.9062916666666666,1.05952,1.1623,24
7TBF_HLA,svdd_af_baddg,cluster_top1,0,0.087,0.2678666666666667,0.7437400000000001,0.8023,24
7TBF_HLA,svdd_af_baddg,cluster_top1,1,-0.095,-0.12670833333333334,-0.02382,0.0402,24
7TBF_HLA,svdd_af_baddg,cluster_top2,0,0.1273,0.12994999999999998,0.21564,0.2643,24
7TBF_HLA,svdd_af_baddg,cluster_top2,1,-0.0478,-0.028345833333333334,0.04462000000000001,0.0852,24
7TBF_HLA,svdd_af_baddg,cluster_top3,0,-0.2687,-0.11285416666666666,-0.00964,0.0213,24
7TBF_HLA,svdd_af_baddg,cluster_top3,1,-0.2783,-0.33245416666666666,-0.2528,-0.2336,24
7TBF_HLA,svdd_af_baddg,single,0,-0.1815,-0.10329166666666667,-0.00782,0.1089,24
7TBF_HLA,svdd_af_baddg,single,1,0.924,0.9966208333333334,1.1427600000000002,1.1847,24
7TTX_HLA,svdd_af_baddg,cluster_top1,0,-1.0231,-1.0057708333333333,-0.83018,-0.7351,24
7TTX_HLA,svdd_af_baddg,cluster_top1,1,0.0041,-0.11767916666666665,0.18494,0.353,24
7TTX_HLA,svdd_af_baddg,cluster_top2,0,-1.1305,-0.9827500000000001,-0.66044,-0.5259,24
7TTX_HLA,svdd_af_baddg,cluster_top2,1,0.8284,0.5080208333333333,0.70168,0.7447,24
7TTX_HLA,svdd_af_baddg,cluster_top3,0,0.6101,0.4384083333333333,0.7472799999999999,0.8412,24
7TTX_HLA,svdd_af_baddg,cluster_top3,1,-0.469,-0.6469208333333334,-0.48469999999999996,-0.3697,24
7TTX_HLA,svdd_af_baddg,single,0,0.4587,0.4559041666666667,0.79952,0.9917,24
7TTX_HLA,svdd_af_baddg,single,1,1.4568,1.6443958333333333,1.98094,2.039,24
7VYR_HLR,svdd_af_baddg,cluster_top1,0,-0.7032,-0.6572291666666666,-0.50136,-0.3866,24
7VYR_HLR,svdd_af_baddg,cluster_top1,1,0.1959,0.22384166666666663,0.39222,0.4883,24
7VYR_HLR,svdd_af_baddg,cluster_top2,0,-0.0271,-0.006525000000000003,0.17642000000000002,0.309,24
7VYR_HLR,svdd_af_baddg,cluster_top2,1,-0.3965,-0.46184166666666665,-0.33388,-0.2487,24
7VYR_HLR,svdd_af_baddg,cluster_top3,0,-0.4442,-0.7097208333333335,-0.5554,-0.4402,24
7VYR_HLR,svdd_af_baddg,cluster_top3,1,0.5852,0.4512125,0.79292,1.0461,24
7VYR_HLR,svdd_af_baddg,single,0,-0.1712,-0.36597083333333336,-0.181,-0.1049,24
7VYR_HLR,svdd_af_baddg,single,1,0.742,0.8114374999999999,1.06326,1.1634,24
7WPH_HLB,svdd_af_baddg,cluster_top1,0,-0.2572,-0.29803749999999996,-0.11381999999999999,0.0525,24
7WPH_HLB,svdd_af_baddg,cluster_top1,1,0.0767,-0.0862875,0.26504000000000005,0.3999,24
7WPH_HLB,svdd_af_baddg,cluster_top2,0,0.1618,-0.23944583333333336,0.13641999999999999,0.2237,24
7WPH_HLB,svdd_af_baddg,cluster_top2,1,0.0397,0.1464375,0.3605,0.3836,24
7WPH_HLB,svdd_af_baddg,cluster_top3,0,0.2666,0.4487458333333334,0.8236000000000001,0.9235,24
7WPH_HLB,svdd_af_baddg,cluster_top3,1,0.219,-0.014620833333333331,0.29868,0.4224,24
7WPH_HLB,svdd_af_baddg,single,0,0.4374,0.303,0.44670000000000004,0.5272,24
7WPH_HLB,svdd_af_baddg,single,1,-2.1004,-1.4590083333333332,-1.05298,-0.9186,24
7X2O_HLB,svdd_af_baddg,cluster_top1,0,0.2667,0.2104625,0.30084000000000005,0.3366,24
7X2O_HLB,svdd_af_baddg,cluster_top1,1,0.7397,0.6600708333333333,0.7153000000000002,0.7298,24
7X2O_HLB,svdd_af_baddg,cluster_top2,0,2.1396,1.7161333333333335,2.11994,2.2592,24
7X2O_HLB,svdd_af_baddg,cluster_top2,1,2.1961,1.8346833333333334,2.51936,2.8451,24
7X2O_HLB,svdd_af_baddg,cluster_top3,0,0.7466,0.5472416666666666,0.8493600000000001,0.957,24
7X2O_HLB,svdd_af_baddg,cluster_top3,1,3.5772,3.0781166666666664,3.71506,3.7995,24
7X2O_HLB,svdd_af_baddg,single,0,4.903,4.439208333333333,5.10886,5.4467,24
7X2O_HLB,svdd_af_baddg,single,1,0.6338,0.3411625,0.49588,0.6021,24
7X2W_HLC,svdd_af_baddg,cluster_top1,0,0.9636,0.6281666666666667,0.9257799999999999,1.0169,24
7X2W_HLC,svdd_af_baddg,cluster_top1,1,0.7936,0.4091,0.82508,0.9601,24
7X2W_HLC,svdd_af_baddg,cluster_top2,0,1.096,0.5699624999999999,1.0866,1.3817,24
7X2W_HLC,svdd_af_baddg,cluster_top2,1,1.104,0.8396750000000001,1.15652,1.2354,24
7X2W_HLC,svdd_af_baddg,cluster_top3,0,1.1673,0.4884125000000001,0.8469199999999999,0.9279,24
7X2W_HLC,svdd_af_baddg,cluster_top3,1,1.1204,0.8915375,1.17668,1.4217,24
7X2W_HLC,svdd_af_baddg,single,0,0.6492,0.28370416666666665,0.52382,0.6063,24
7X2W_HLC,svdd_af_baddg,single,1,0.4339,0.45042916666666666,0.6539999999999999,0.7187,24
7X3D_HLB,svdd_af_baddg,cluster_top1,0,0.218,-0.009933333333333336,0.18746000000000002,0.3599,24
7X3D_HLB,svdd_af_baddg,cluster_top1,1,0.0535,0.13265416666666666,0.27838,0.3247,24
7X3D_HLB,svdd_af_baddg,cluster_top2,0,0.581,0.6432416666666666,0.9255600000000002,0.9885,24
7X3D_HLB,svdd_af_baddg,cluster_top2,1,-0.0347,0.12737083333333332,0.34174,0.3948,24
7X3D_HLB,svdd_af_baddg,cluster_top3,0,0.1365,-0.03200416666666667,0.20093999999999998,0.3243,24
7X3D_HLB,svdd_af_baddg,cluster_top3,1,0.5421,0.7099375,0.9028600000000001,1.0298,24
7X3D_HLB,svdd_af_baddg,single,0,1.2699,1.0761333333333334,1.32468,1.4017,24
7X3D_HLB,svdd_af_baddg,single,1,0.0001,-0.09699583333333334,0.0672,0.168,24
7X4I_HA,svdd_af_baddg,cluster_top1,0,-5.1212,-5.0078875,-3.9472,-3.5137,24
7X4I_HA,svdd_af_baddg,cluster_top1,1,-4.1507,-3.8323291666666663,-3.0985799999999997,-2.8783,24
7X4I_HA,svdd_af_baddg,cluster_top2,0,-3.0958,-3.0484250000000004,-2.55064,-2.339,24
7X4I_HA,svdd_af_baddg,cluster_top2,1,0.0444,-0.5026708333333333,0.36019999999999996,0.72,24
7X4I_HA,svdd_af_baddg,cluster_top3,0,-4.1424,-3.970008333333333,-3.15196,-2.7947,24
7X4I_HA,svdd_af_baddg,cluster_top3,1,-2.1937,-1.8245791666666669,-1.21176,-0.9842,24
7X4I_HA,svdd_af_baddg,single,0,-4.5062,-3.965145833333333,-2.72964,-2.5898,24
7X4I_HA,svdd_af_baddg,single,1,2.9876,3.039520833333333,3.71338,4.1649,24
7YCL_HLD,svdd_af_baddg,cluster_top1,0,0.2324,1.3871,1.62764,1.7443,24
7YCL_HLD,svdd_af_baddg,cluster_top1,1,1.8996,2.0745,2.57246,2.7313,24
7YCL_HLD,svdd_af_baddg,cluster_top2,0,-0.9715,-0.5205958333333334,-0.02452,0.0901,24
7YCL_HLD,svdd_af_baddg,cluster_top2,1,0.051,0.5005916666666667,0.86732,0.9443,24
7YCL_HLD,svdd_af_baddg,cluster_top3,0,-0.4207,0.9356666666666666,1.43296,1.5595,24
7YCL_HLD,svdd_af_baddg,cluster_top3,1,1.59,2.2757833333333335,3.1007799999999994,3.5651,24
7YCL_HLD,svdd_af_baddg,single,0,2.1787,3.2987916666666663,3.7651599999999994,4.2598,24
7YCL_HLD,svdd_af_baddg,single,1,1.7314,2.7371250000000003,3.4593199999999995,3.9169,24
7ZRA_FC,svdd_af_baddg,cluster_top1,0,-1.8896,-1.3472,-0.79958,-0.6698,24
7ZRA_FC,svdd_af_baddg,cluster_top1,1,-1.5441,-1.3924166666666664,-0.9532400000000001,-0.7056,24
7ZRA_FC,svdd_af_baddg,cluster_top2,0,0.0452,-0.7545708333333335,-0.1819,0.017,24
7ZRA_FC,svdd_af_baddg,cluster_top2,1,-1.0909,-1.1669708333333333,-0.6499400000000001,-0.5292,24
7ZRA_FC,svdd_af_baddg,cluster_top3,0,-1.2232,-1.2240666666666666,-0.88964,-0.6321,24
7ZRA_FC,svdd_af_baddg,cluster_top3,1,-1.3673,-1.2814541666666666,-0.8537000000000001,-0.7298,24
7ZRA_FC,svdd_af_baddg,single,0,-1.0653,-0.4258458333333333,0.25268,0.5267,24
7ZRA_FC,svdd_af_baddg,single,1,-0.8396,-0.1607125,0.41262,0.6295,24
8CYH_HLM,svdd_af_baddg,cluster_top1,0,-0.3252,0.367675,0.9372400000000001,1.0989,24
8CYH_HLM,svdd_af_baddg,cluster_top1,1,-0.5004,-0.014662500000000014,0.4066000000000001,0.5804,24
8CYH_HLM,svdd_af_baddg,cluster_top2,0,1.1023,1.2229333333333334,1.81582,1.9547,24
8CYH_HLM,svdd_af_baddg,cluster_top2,1,0.6169,1.2028791666666667,1.8876000000000002,2.0407,24
8CYH_HLM,svdd_af_baddg,cluster_top3,0,0.0703,0.7732916666666666,1.3518400000000002,1.6575,24
8CYH_HLM,svdd_af_baddg,cluster_top3,1,0.8823,0.9921125000000001,1.5187,1.7328,24
8CYH_HLM,svdd_af_baddg,single,0,0.7022,0.772325,1.17932,1.2954,24
8CYH_HLM,svdd_af_baddg,single,1,1.5241,1.6149541666666665,2.1989799999999997,2.6281,24
8IDN_HLA,svdd_af_baddg,cluster_top1,0,-0.3002,0.3937041666666667,0.7132000000000001,0.7448,24
8IDN_HLA,svdd_af_baddg,cluster_top1,1,-0.6019,-0.551,-0.1819,0.1425,24
8IDN_HLA,svdd_af_baddg,cluster_top2,0,-0.8699,-0.9399208333333333,-0.58938,-0.4543,24
8IDN_HLA,svdd_af_baddg,cluster_top2,1,0.2264,0.3804833333333333,0.5720999999999999,0.6302,24
8IDN_HLA,svdd_af_baddg,cluster_top3,0,-0.1086,-0.5559208333333333,-0.0696,0.0976,24
8IDN_HLA,svdd_af_baddg,cluster_top3,1,2.6465,2.5541541666666667,2.96408,3.2284,24
8IDN_HLA,svdd_af_baddg,single,0,0.6223,0.36355000000000004,0.8318199999999999,0.9985,24
8IDN_HLA,svdd_af_baddg,single,1,-0.1393,-0.6670124999999999,-0.1464,0.1749,24
