target,arm,wt_margin,mean_margin,cvar20_margin,max_margin,quadrant
1IC7_HLY,svdd_af_baddg,-1.4973,-1.6217416666666669,-1.5294,-1.504,Q1
1KB5_HLB,svdd_af_baddg,-0.8721,-0.8002791666666665,-0.5009,-0.4511,Q1
1KXT_DC,svdd_af_baddg,-0.9259,-0.7921499999999999,-0.62778,-0.5722,Q1
1KXT_FE,svdd_af_baddg,-0.1533,-0.05989166666666667,0.2145,0.3698,Q3
1RJC_AB,svdd_af_baddg,-0.9487,-1.0931916666666666,-0.8380000000000001,-0.8115,Q1
1ZVH_AL,svdd_af_baddg,-0.4344,-0.2735625,0.16692,0.4507,Q3
3L5W_HLI,svdd_af_baddg,-0.7078,-0.7604833333333333,-0.52,-0.4483,Q1
3L5X_HLA,svdd_af_baddg,-0.8519,-0.8857208333333334,-0.7541800000000001,-0.6238,Q1
3OGO_FC,svdd_af_baddg,-0.1108,0.21309166666666668,0.39021999999999996,0.4164,Q3
3OGO_GB,svdd_af_baddg,1.1659,1.1501833333333333,1.37188,1.4181,Q4
3VI3_HLD,svdd_af_baddg,-4.4383,-4.2086125,-3.8946600000000005,-3.8208,Q1
4AL8_HLC,svdd_af_baddg,-0.5256,-0.46797916666666667,-0.18828,-0.1272,Q1
4BZ1_HLA,svdd_af_baddg,-0.7963,-0.5858708333333333,-0.19346000000000002,-0.1105,Q1
4L5F_HLE,svdd_af_baddg,-0.4317,0.3907041666666667,0.8151400000000001,0.9229,Q3
5DUM_HLA,svdd_af_baddg,0.4584,0.32556666666666667,0.86334,1.234,Q4
5GJS_HLB,svdd_af_baddg,-1.8519,-0.6864666666666667,-0.029860000000000008,0.4246,Q1
5GZN_HLA,svdd_af_baddg,-2.4018,-1.8327833333333334,-0.88384,-0.4195,Q1
5JHL_HLA,svdd_af_baddg,0.0315,0.231525,0.59658,0.7275,Q4
5MVZ_HLU,svdd_af_baddg,-1.2618,-1.4581791666666666,-1.22762,-1.0955,Q1
5UGY_HLA,svdd_af_baddg,-0.8979,-0.9319375000000001,-0.8164000000000001,-0.785,Q1
5VIC_HLE,svdd_af_baddg,-2.5675,-1.7282583333333335,-1.01886,-0.5984,Q1
5VIG_HLZ,svdd_af_baddg,-2.4344,-2.105770833333333,-1.793,-1.728,Q1
6AJ9_HLC,svdd_af_baddg,-0.824,-0.9256666666666667,-0.80914,-0.764,Q1
6FLA_HLI,svdd_af_baddg,-0.1593,0.26009583333333336,0.35304,0.375,Q3
6FLB_HLG,svdd_af_baddg,-0.2224,-0.0580375,0.0518,0.0759,Q3
6KZ0_KLJ,svdd_af_baddg,-2.1863,-1.5621208333333332,-1.14274,-1.0426,Q1
6MLM_KLH,svdd_af_baddg,0.8782,0.6507166666666667,1.06646,1.3112,Q4
6PLK_HLE,svdd_af_baddg,-1.6593,-1.8109333333333335,-1.3177400000000001,-1.07,Q1
6QX4_DA,svdd_af_baddg,-1.9332,-1.3740625,-0.8521599999999999,-0.6121,Q1
6QX4_HB,svdd_af_baddg,-3.5581,-3.0836208333333333,-2.39918,-1.9849,Q1
6VJA_HLC,svdd_af_baddg,-1.0114,-1.4339333333333333,-0.7794000000000001,-0.296,Q1
6VRQ_HLA,svdd_af_baddg,0.6814,1.1326875,1.61098,1.9355,Q4
7AMS_HLB,svdd_af_baddg,-1.7418,-1.3116416666666666,-0.95222,-0.7661,Q1
7BQ5_HLA,svdd_af_baddg,0.1439,0.12416666666666666,0.26992,0.3052,Q4
7CN2_GgE,svdd_af_baddg,-3.7278,-3.6983791666666668,-3.45726,-3.4039,Q1
7JLK_HLB,svdd_af_baddg,-1.1028,-1.2669833333333334,-0.78556,-0.7128,Q1
7MZK_HLA,svdd_af_baddg,-0.4105,-0.28073750000000003,0.014200000000000004,0.0963,Q3
7OR9_HLE,svdd_af_baddg,0.4954,0.44612083333333336,0.66574,0.7358,Q4
7STZ_HLC,svdd_af_baddg,0.1557,0.12594166666666665,0.22361999999999999,0.2699,Q4
7TBF_HLA,svdd_af_baddg,-0.2783,-0.33245416666666666,-0.2528,-0.2336,Q1
7TTX_HLA,svdd_af_baddg,-1.0231,-1.0057708333333333,-0.83018,-0.7351,Q1
7VYR_HLR,svdd_af_baddg,-0.4442,-0.7097208333333335,-0.5554,-0.4402,Q1
7WPH_HLB,svdd_af_baddg,-2.1004,-1.4590083333333332,-1.05298,-0.9186,Q1
7X2O_HLB,svdd_af_baddg,0.2667,0.2104625,0.30084000000000005,0.3366,Q4
7X2W_HLC,svdd_af_baddg,0.6492,0.28370416666666665,0.52382,0.6063,Q4
7X3D_HLB,svdd_af_baddg,0.0001,-0.09699583333333334,0.0672,0.168,Q4
7X4I_HA,svdd_af_baddg,-5.1212,-5.0078875,-3.9472,-3.5137,Q1
7YCL_HLD,svdd_af_baddg,-0.9715,-0.5205958333333334,-0.02452,0.0901,Q1
7ZRA_FC,svdd_af_baddg,-1.3673,-1.2814541666666666,-0.8537000000000001,-0.7298,Q1
8CYH_HLM,svdd_af_baddg,-0.5004,-0.014662500000000014,0.4066000000000001,0.5804,Q3
8IDN_HLA,svdd_af_baddg,-0.8699,-0.9399208333333333,-0.58938,-0.4543,Q1
