cell,n_runs,designs_per_run,wall_s,wall_s_per_design,cuda_s,reward_evals,reward_evals_per_design,base_forwards,peak_vram_gb
base_abmpnn_ar,600,6.0,8.61,1.43,7.83,0,0,8,0.48
base_abmpnn_ar_t1,600,6.0,8.35,1.39,7.64,0,0,6,0.48
base_abmpnn_npz,600,6.0,0.03,0.00,0.00,0,0,0,0.00
base_antifold,600,6.0,0.04,0.01,0.00,0,0,0,0.00
base_antifold_t1,600,6.0,1.24,0.21,0.02,0,0,0,0.00
base_diffab,552,6.0,14.74,2.46,0.00,0,0,0,nan
base_diffusion,600,6.0,26.32,4.39,15.98,0,0,0,2.79
base_diffusion_s,325,6.0,24.96,4.16,16.03,95,16,96,0.94
base_esmif,600,6.0,0.05,0.01,0.00,0,0,0,0.00
base_esmif_ar,600,6.0,8.49,1.41,0.00,0,0,82,nan
base_esmif_ar_t1,600,6.0,7.97,1.33,0.00,0,0,82,nan
base_iglm,475,6.0,2.27,0.38,0.00,0,0,0,nan
base_proteinmpnn,600,6.0,0.03,0.01,0.00,0,0,0,0.00
base_proteinmpnn_ar,600,6.0,7.26,1.21,6.46,0,0,6,0.48
base_proteinmpnn_ar_t1,600,6.0,8.30,1.38,7.74,0,0,6,0.48
base_rfantibody,53,6.0,506.09,84.35,0.00,0,0,0,nan
grad_diffusion,600,6.0,26.15,4.36,15.90,0,0,0,2.79
obj_mint,504,6.0,155.21,25.87,138.55,465,78,96,6.70
obj_wt,567,6.0,21.30,3.55,12.77,456,76,95,0.93
ours_abmpnn_live,600,6.0,88.99,14.83,77.87,460,77,95,0.95
ours_abmpnn_npz,600,6.0,88.12,14.69,77.16,459,76,95,0.94
ours_antifold,600,6.0,87.65,14.61,76.57,457,76,95,0.94
ours_diffusion,600,6.0,93.98,15.66,82.91,501,84,95,0.94
ours_esmif,600,6.0,89.51,14.92,78.56,473,79,95,0.94
ours_esmif_live,570,6.0,106.79,17.80,87.95,477,80,95,0.94
ours_proteinmpnn,600,6.0,93.79,15.63,82.74,498,83,95,0.94
ours_proteinmpnn_live,600,6.0,95.50,15.92,84.11,498,83,95,0.95
