grader,arm,n_seeds,mean_rate,best_rate,worst_rate,std_rate,pooled_pair_rate,frac_seeds_majority_beat
BA-DDG,svdd,5,0.302,0.3529,0.2549,0.0319,0.302,0.0
BA-DDG,bestofn,5,0.4588,0.5098,0.3922,0.0404,0.4588,0.2
BA-DDG,random,5,0.1569,0.1765,0.1373,0.0124,0.1569,0.0
BA-DDG,greedy,5,0.4039,0.451,0.3725,0.0293,0.4039,0.0
BA-DDG,beam,5,0.5882,0.6863,0.5098,0.0734,0.5882,1.0
BA-DDG,ga,5,0.6235,0.6667,0.549,0.0419,0.6235,1.0
H3,svdd,5,0.4118,0.4314,0.3725,0.0215,0.4118,0.0
H3,bestofn,5,0.5137,0.5686,0.3922,0.0625,0.5137,0.8
H3,random,5,0.051,0.0588,0.0392,0.0096,0.051,0.0
H3,greedy,5,0.5216,0.5686,0.4706,0.0319,0.5216,0.8
H3,beam,5,0.4941,0.549,0.451,0.038,0.4941,0.4
H3,ga,5,0.6157,0.7059,0.549,0.0563,0.6157,1.0
