arm,oracle,beat_native_frac,n,mean_margin
svdd,BA-DDG,0.302,255,0.3397
svdd,H3,0.4118,255,0.2465
svdd,FoldX,0.5588,102,0.0473
svdd,MMGBSA,0.3333,102,129.2179
svdd,Pythia,0.3922,102,1.7913
svdd,cofold,0.4902,51,0.0086
bestofn,BA-DDG,0.4588,255,-0.1651
bestofn,H3,0.5137,255,-0.0082
bestofn,FoldX,0.5784,102,-0.209
bestofn,MMGBSA,0.4706,102,12.7124
bestofn,Pythia,0.4412,102,0.9049
bestofn,cofold,0.4314,51,0.0071
random,BA-DDG,0.1569,255,1.6824
random,H3,0.051,255,2.8477
random,FoldX,0.38,100,2.3015
random,MMGBSA,0.3235,102,130241.7055
random,Pythia,0.1863,102,6.2394
random,cofold,0.5882,51,0.0039
greedy,BA-DDG,0.4039,255,-0.0898
greedy,H3,0.5216,255,0.0042
greedy,FoldX,0.4804,102,0.6094
greedy,MMGBSA,0.3137,102,82.5417
greedy,Pythia,0.402,102,1.4663
greedy,cofold,0.5098,51,-0.0007
beam,BA-DDG,0.5882,255,-0.9996
beam,H3,0.4941,255,-0.154
beam,FoldX,0.4362,94,0.9137
beam,MMGBSA,0.3529,102,-7.2699
beam,Pythia,0.4412,102,1.2134
beam,cofold,0.5294,51,0.0054
ga,BA-DDG,0.6235,255,-1.0511
ga,H3,0.6157,255,-0.5211
ga,FoldX,0.5392,102,1.0362
ga,MMGBSA,0.3725,102,4.3057
ga,Pythia,0.402,102,0.862
ga,cofold,0.5882,51,-0.0025
