target,ag_cluster,M_design,rep,n_designs,best_of_pool_worst_margin,beat_native,oracle_calls,reward_evals,wall_s,cuda_s
1IC7_HLY,4TTD_HLA,1,1,4,-1.6838,1,182,182,12.6,4.997
1IC7_HLY,4TTD_HLA,1,2,4,-1.4966,1,183,183,12.452,4.79
1IC7_HLY,4TTD_HLA,1,3,4,-1.4939,1,174,174,12.3,4.779
1KB5_HLB,1KB5_HLB,1,1,4,-0.038,1,392,392,19.043,10.269
1KB5_HLB,1KB5_HLB,1,2,4,-0.5203,1,385,385,18.894,10.175
1KB5_HLB,1KB5_HLB,1,3,4,-0.0659,1,388,388,19.105,10.321
1KXT_DC,1KXT_FE,1,1,4,0.1072,0,146,146,12.047,4.298
1KXT_DC,1KXT_FE,1,2,4,-0.8453,1,144,144,12.164,4.316
1KXT_DC,1KXT_FE,1,3,4,-0.5035,1,151,151,12.087,4.32
1KXT_FE,1KXT_FE,1,1,4,0.2978,0,157,157,12.336,4.484
1KXT_FE,1KXT_FE,1,2,4,-0.8433,1,147,147,12.002,4.22
1KXT_FE,1KXT_FE,1,3,4,0.4505,0,160,160,12.535,4.47
1RJC_AB,4TTD_HLA,1,1,4,-0.5108,1,285,285,15.908,7.659
1RJC_AB,4TTD_HLA,1,2,4,-0.0765,1,284,284,15.455,7.315
1RJC_AB,4TTD_HLA,1,3,4,-0.0362,1,297,297,15.834,7.561
1ZVH_AL,4TTD_HLA,1,1,4,0.7713,0,643,643,25.332,15.784
1ZVH_AL,4TTD_HLA,1,2,4,2.2096,0,638,638,23.603,15.956
1ZVH_AL,4TTD_HLA,1,3,4,2.595,0,618,618,23.073,15.435
3L5W_HLI,7REW_HLI,1,1,4,-1.0841,1,430,430,17.975,10.932
3L5W_HLI,7REW_HLI,1,2,4,-1.0817,1,430,430,17.927,11.019
3L5W_HLI,7REW_HLI,1,3,4,-0.2926,1,425,425,18.113,11.096
3L5X_HLA,7REW_HLI,1,1,4,-0.985,1,412,412,17.737,10.867
3L5X_HLA,7REW_HLI,1,2,4,-0.5893,1,430,430,17.869,11.363
3L5X_HLA,7REW_HLI,1,3,4,-1.0673,1,428,428,17.808,10.888
3OGO_FC,3OGO_GB,1,1,4,0.2596,0,261,261,14.941,6.894
3OGO_FC,3OGO_GB,1,2,4,0.2583,0,266,266,15.016,6.792
3OGO_FC,3OGO_GB,1,3,4,1.3054,0,278,278,15.035,7.055
3OGO_GB,3OGO_GB,1,1,4,1.4849,0,270,270,15.335,7.064
3OGO_GB,3OGO_GB,1,2,4,0.8185,0,258,258,14.792,6.708
3OGO_GB,3OGO_GB,1,3,4,2.1734,0,257,257,14.759,6.69
3VI3_HLD,3VI3_HLD,1,1,4,-2.0797,1,363,363,21.744,11.843
3VI3_HLD,3VI3_HLD,1,2,4,-3.5775,1,357,357,21.473,11.763
3VI3_HLD,3VI3_HLD,1,3,4,-1.4563,1,348,348,21.168,11.362
4AL8_HLC,5VIC_HLE,1,1,4,0.0078,0,280,280,15.466,7.132
4AL8_HLC,5VIC_HLE,1,2,4,0.0177,0,288,288,15.746,7.635
4AL8_HLC,5VIC_HLE,1,3,4,0.0952,0,289,289,15.892,7.681
4BZ1_HLA,5AAW_FG,1,1,4,-0.0257,1,294,294,16.403,8.127
4BZ1_HLA,5AAW_FG,1,2,4,-0.0266,1,302,302,16.367,8.039
4BZ1_HLA,5AAW_FG,1,3,4,-0.0619,1,296,296,15.974,7.771
4L5F_HLE,5VIC_HLE,1,1,4,1.5409,0,307,307,16.4,8.075
4L5F_HLE,5VIC_HLE,1,2,4,0.3173,0,312,312,16.521,8.044
4L5F_HLE,5VIC_HLE,1,3,4,1.5885,0,313,313,16.561,8.216
5DUM_HLA,6IUT_HLA,1,1,4,0.7643,0,741,741,30.32,19.711
5DUM_HLA,6IUT_HLA,1,2,4,-1.1257,1,719,719,29.921,19.102
5DUM_HLA,6IUT_HLA,1,3,4,-0.5239,1,738,738,30.758,20.002
5GJS_HLB,5GJS_HLB,1,1,4,-0.3775,1,539,539,24.039,14.197
5GJS_HLB,5GJS_HLB,1,2,4,0.6018,0,545,545,23.891,14.233
5GJS_HLB,5GJS_HLB,1,3,4,0.0297,0,550,550,24.047,14.215
5GZN_HLA,7A3U_HLA,1,1,4,0.0931,0,701,701,33.195,22.448
5GZN_HLA,7A3U_HLA,1,2,4,-0.5305,1,714,714,34.329,22.927
5GZN_HLA,7A3U_HLA,1,3,4,-0.1138,1,728,728,34.696,23.302
5JHL_HLA,7A3U_HLA,1,1,4,-0.026,1,303,303,18.105,9.735
5JHL_HLA,7A3U_HLA,1,2,4,1.262,0,318,318,18.476,10.314
5JHL_HLA,7A3U_HLA,1,3,4,0.3003,0,304,304,17.689,10.099
5MVZ_HLU,4G6J_HLA,1,1,4,-0.902,1,334,334,15.863,8.673
5MVZ_HLU,4G6J_HLA,1,2,4,-0.5122,1,342,342,16.466,8.944
5MVZ_HLU,4G6J_HLA,1,3,4,-1.0074,1,353,353,16.151,9.234
5UGY_HLA,7SCN_HLA,1,1,4,-1.2353,1,638,638,29.181,19.762
5UGY_HLA,7SCN_HLA,1,2,4,-0.9369,1,643,643,28.608,19.44
5UGY_HLA,7SCN_HLA,1,3,4,-0.6635,1,679,679,30.901,20.837
5VIC_HLE,5VIC_HLE,1,1,4,-1.5044,1,525,525,20.514,13.607
5VIC_HLE,5VIC_HLE,1,2,4,0.2794,0,528,528,21.269,13.569
5VIC_HLE,5VIC_HLE,1,3,4,-0.345,1,535,535,20.856,13.458
5VIG_HLZ,5VIG_HLZ,1,1,4,-0.101,1,444,444,18.498,11.289
5VIG_HLZ,5VIG_HLZ,1,2,4,-1.2715,1,444,444,19.866,11.288
5VIG_HLZ,5VIG_HLZ,1,3,4,0.7023,0,430,430,17.886,11.289
6AJ9_HLC,6AJ9_HLC,1,1,4,-1.2613,1,418,418,18.863,10.673
6AJ9_HLC,6AJ9_HLC,1,2,4,-0.9556,1,460,460,18.058,11.458
6AJ9_HLC,6AJ9_HLC,1,3,4,-1.3546,1,440,440,19.485,11.552
6FLA_HLI,6FLC_HLG,1,1,4,0.7867,0,298,298,15.217,7.732
6FLA_HLI,6FLC_HLG,1,2,4,0.28,0,303,303,14.873,7.984
6FLA_HLI,6FLC_HLG,1,3,4,0.7369,0,301,301,14.916,7.956
6FLB_HLG,6FLC_HLG,1,1,4,0.2751,0,295,295,14.65,7.779
6FLB_HLG,6FLC_HLG,1,2,4,0.1629,0,297,297,13.497,7.693
6FLB_HLG,6FLC_HLG,1,3,4,0.0978,0,288,288,13.291,7.616
6KZ0_KLJ,6KZ0_KLJ,1,1,4,-0.8218,1,510,510,19.6,13.104
6KZ0_KLJ,6KZ0_KLJ,1,2,4,-0.8463,1,499,499,18.193,12.105
6KZ0_KLJ,6KZ0_KLJ,1,3,4,-0.4382,1,487,487,18.463,12.208
6MLM_KLH,6II8_HLC,1,1,4,1.1482,0,598,598,22.206,15.132
6MLM_KLH,6II8_HLC,1,2,4,2.0512,0,590,590,22.012,15.135
6MLM_KLH,6II8_HLC,1,3,4,0.9382,0,590,590,22.254,15.214
6PLK_HLE,5VIG_HLZ,1,1,4,0.0974,0,523,523,20.523,13.554
6PLK_HLE,5VIG_HLZ,1,2,4,-0.081,1,498,498,20.097,12.878
6PLK_HLE,5VIG_HLZ,1,3,4,-0.8012,1,522,522,20.773,13.557
6QX4_DA,6QX4_DA,1,1,4,-0.6314,1,665,665,27.645,19.429
6QX4_DA,6QX4_DA,1,2,4,-1.0181,1,691,691,28.668,20.159
6QX4_DA,6QX4_DA,1,3,4,-0.3491,1,661,661,27.359,19.028
6QX4_HB,6QX4_DA,1,1,4,0.5944,0,669,669,27.211,19.33
6QX4_HB,6QX4_DA,1,2,4,0.6866,0,673,673,27.367,19.411
6QX4_HB,6QX4_DA,1,3,4,-1.0315,1,646,646,27.424,19.027
6VJA_HLC,6VJA_HLC,1,1,4,0.2882,0,440,440,18.872,12.098
6VJA_HLC,6VJA_HLC,1,2,4,-0.169,1,438,438,18.108,11.533
6VJA_HLC,6VJA_HLC,1,3,4,-0.1765,1,450,450,18.267,12.089
6VRQ_HLA,6VRQ_HLA,1,1,4,1.4998,0,393,393,17.229,10.61
6VRQ_HLA,6VRQ_HLA,1,2,4,1.4477,0,383,383,16.827,10.433
6VRQ_HLA,6VRQ_HLA,1,3,4,3.254,0,401,401,17.532,10.74
7AMS_HLB,7AMS_HLB,1,1,4,0.3114,0,589,589,23.366,16.021
7AMS_HLB,7AMS_HLB,1,2,4,-0.3138,1,586,586,23.497,15.976
7AMS_HLB,7AMS_HLB,1,3,4,-0.1802,1,576,576,22.978,15.849
7BQ5_HLA,7A3U_HLA,1,1,4,-0.1567,1,300,300,16.714,9.603
7BQ5_HLA,7A3U_HLA,1,2,4,0.6546,0,309,309,17.344,9.932
7BQ5_HLA,7A3U_HLA,1,3,4,0.2444,0,321,321,17.52,10.465
7CN2_GgE,7CN2_JjB,1,1,4,-2.9615,1,594,594,25.509,17.259
7CN2_GgE,7CN2_JjB,1,2,4,-4.0662,1,600,600,25.341,17.066
7CN2_GgE,7CN2_JjB,1,3,4,-0.9255,1,594,594,26.695,17.133
7JLK_HLB,7JLK_HLB,1,1,4,-0.7118,1,490,490,19.828,12.177
7JLK_HLB,7JLK_HLB,1,2,4,-0.6379,1,510,510,20.527,13.063
7JLK_HLB,7JLK_HLB,1,3,4,-0.1781,1,512,512,20.549,13.08
7MZK_HLA,7WVL_HLF,1,1,4,0.2563,0,489,489,20.266,13.145
7MZK_HLA,7WVL_HLF,1,2,4,0.2253,0,489,489,20.368,13.39
7MZK_HLA,7WVL_HLF,1,3,4,0.2887,0,487,487,19.716,13.117
7OR9_HLE,7WVL_HLF,1,1,4,0.8659,0,541,541,21.601,14.47
7OR9_HLE,7WVL_HLF,1,2,4,2.3363,0,549,549,21.758,14.456
7OR9_HLE,7WVL_HLF,1,3,4,0.6214,0,550,550,21.919,14.311
7STZ_HLC,7STZ_HLC,1,1,4,-0.057,1,417,417,22.263,14.343
7STZ_HLC,7STZ_HLC,1,2,4,-0.1276,1,423,423,22.306,14.38
7STZ_HLC,7STZ_HLC,1,3,4,1.2866,0,409,409,21.539,14.074
7TBF_HLA,7WVL_HLF,1,1,4,-0.0001,1,143,143,9.783,4.196
7TBF_HLA,7WVL_HLF,1,2,4,-0.0063,1,140,140,9.459,4.05
7TBF_HLA,7WVL_HLF,1,3,4,-0.2325,1,137,137,8.934,4.144
7TTX_HLA,7WVL_HLF,1,1,4,-1.0717,1,742,742,29.532,20.263
7TTX_HLA,7WVL_HLF,1,2,4,-0.8213,1,771,771,29.393,20.38
7TTX_HLA,7WVL_HLF,1,3,4,-0.2561,1,733,733,28.533,19.776
7VYR_HLR,7WVL_HLF,1,1,4,-0.7203,1,348,348,15.22,9.255
7VYR_HLR,7WVL_HLF,1,2,4,-0.3263,1,336,336,14.857,9.075
7VYR_HLR,7WVL_HLF,1,3,4,-0.8093,1,365,365,15.897,9.932
7WPH_HLB,7WVL_HLF,1,1,4,-0.4561,1,468,468,19.018,12.397
7WPH_HLB,7WVL_HLF,1,2,4,-0.4188,1,474,474,19.368,12.824
7WPH_HLB,7WVL_HLF,1,3,4,-0.3758,1,471,471,18.866,12.308
7X2O_HLB,7X2I_HLB,1,1,4,1.9677,0,426,426,16.789,10.562
7X2O_HLB,7X2I_HLB,1,2,4,1.8154,0,415,415,17.211,10.914
7X2O_HLB,7X2I_HLB,1,3,4,2.3278,0,425,425,16.411,10.506
7X2W_HLC,7X2W_HLC,1,1,4,-0.0852,1,352,352,15.376,9.271
7X2W_HLC,7X2W_HLC,1,2,4,0.3344,0,345,345,14.613,8.694
7X2W_HLC,7X2W_HLC,1,3,4,0.8584,0,351,351,14.51,8.665
7X3D_HLB,7X2I_HLB,1,1,4,0.1028,0,567,567,20.573,14.172
7X3D_HLB,7X2I_HLB,1,2,4,0.1821,0,553,553,20.709,13.585
7X3D_HLB,7X2I_HLB,1,3,4,0.2153,0,537,537,19.978,13.145
7X4I_HA,7WVL_HLF,1,1,4,-2.6265,1,615,615,22.201,15.633
7X4I_HA,7WVL_HLF,1,2,4,-1.715,1,612,612,22.731,15.302
7X4I_HA,7WVL_HLF,1,3,4,-2.6817,1,629,629,22.992,15.464
7YCL_HLD,7WVL_HLF,1,1,4,2.809,0,515,515,20.516,13.758
7YCL_HLD,7WVL_HLF,1,2,4,1.6554,0,502,502,20.123,13.498
7YCL_HLD,7WVL_HLF,1,3,4,2.3211,0,523,523,20.546,13.728
7ZRA_FC,7ZRA_FC,1,1,4,-1.9281,1,594,594,21.718,14.942
7ZRA_FC,7ZRA_FC,1,2,4,-1.5109,1,567,567,21.497,14.738
7ZRA_FC,7ZRA_FC,1,3,4,-1.2821,1,564,564,20.619,14.355
8CYH_HLM,8CYH_HLM,1,1,4,0.7453,0,402,402,18.773,12.029
8CYH_HLM,8CYH_HLM,1,2,4,1.877,0,398,398,18.121,11.463
8CYH_HLM,8CYH_HLM,1,3,4,0.9554,0,375,375,17.741,11.028
8IDN_HLA,7WVL_HLF,1,1,4,0.8634,0,405,405,16.551,10.251
8IDN_HLA,7WVL_HLF,1,2,4,-1.3174,1,412,412,16.285,10.057
8IDN_HLA,7WVL_HLF,1,3,4,1.0975,0,406,406,16.836,10.342
1IC7_HLY,4TTD_HLA,3,1,4,-1.6718,1,499,185,19.527,13.357
1IC7_HLY,4TTD_HLA,3,2,4,-1.1369,1,503,185,20.301,14.169
1IC7_HLY,4TTD_HLA,3,3,4,-1.4378,1,514,186,19.501,13.989
1KB5_HLB,1KB5_HLB,3,1,4,-0.3943,1,1079,397,35.491,28.902
1KB5_HLB,1KB5_HLB,3,2,4,-0.2756,1,1083,399,35.945,29.2
1KB5_HLB,1KB5_HLB,3,3,4,-0.1801,1,1040,386,35.216,28.4
1KXT_DC,1KXT_FE,3,1,4,0.2246,0,405,149,16.983,11.528
1KXT_DC,1KXT_FE,3,2,4,-0.6968,1,431,157,17.837,12.444
1KXT_DC,1KXT_FE,3,3,4,-0.5403,1,420,152,17.604,12.063
1KXT_FE,1KXT_FE,3,1,4,0.5351,0,429,161,17.974,12.187
1KXT_FE,1KXT_FE,3,2,4,0.6422,0,428,154,17.891,12.308
1KXT_FE,1KXT_FE,3,3,4,0.5358,0,390,146,17.121,11.312
1RJC_AB,4TTD_HLA,3,1,4,-1.1756,1,806,296,28.301,21.703
1RJC_AB,4TTD_HLA,3,2,4,-1.2938,1,842,312,29.739,22.805
1RJC_AB,4TTD_HLA,3,3,4,-1.3098,1,761,281,25.361,19.74
1ZVH_AL,4TTD_HLA,3,1,4,2.7928,0,1751,647,54.976,47.15
1ZVH_AL,4TTD_HLA,3,2,4,0.4523,0,1776,652,55.11,47.542
1ZVH_AL,4TTD_HLA,3,3,4,1.9803,0,1764,654,52.684,45.411
3L5W_HLI,7REW_HLI,3,1,4,-0.5418,1,1148,422,38.241,31.379
3L5W_HLI,7REW_HLI,3,2,4,-0.3133,1,1134,420,37.572,30.32
3L5W_HLI,7REW_HLI,3,3,4,-0.5618,1,1161,431,38.032,30.739
3L5X_HLA,7REW_HLI,3,1,4,-0.593,1,1157,423,38.845,31.781
3L5X_HLA,7REW_HLI,3,2,4,-0.9323,1,1114,410,38.129,30.802
3L5X_HLA,7REW_HLI,3,3,4,-0.6533,1,1159,421,38.348,31.664
3OGO_FC,3OGO_GB,3,1,4,0.681,0,737,267,25.603,19.821
3OGO_FC,3OGO_GB,3,2,4,0.6205,0,725,269,24.181,18.441
3OGO_FC,3OGO_GB,3,3,4,0.6603,0,741,273,26.286,20.193
3OGO_GB,3OGO_GB,3,1,4,1.2428,0,687,253,24.695,18.28
3OGO_GB,3OGO_GB,3,2,4,1.8763,0,663,243,23.512,17.348
3OGO_GB,3OGO_GB,3,3,4,2.0397,0,684,252,23.57,17.48
3VI3_HLD,3VI3_HLD,3,1,4,-2.8384,1,961,355,42.809,34.032
3VI3_HLD,3VI3_HLD,3,2,4,-1.0569,1,935,343,41.637,33.074
3VI3_HLD,3VI3_HLD,3,3,4,-1.8565,1,963,353,40.994,33.282
4AL8_HLC,5VIC_HLE,3,1,4,-0.1634,1,754,280,26.28,19.987
4AL8_HLC,5VIC_HLE,3,2,4,0.0059,0,731,269,26.28,19.79
4AL8_HLC,5VIC_HLE,3,3,4,0.1527,0,780,288,27.201,20.887
4BZ1_HLA,5AAW_FG,3,1,4,0.084,0,812,298,28.361,21.726
4BZ1_HLA,5AAW_FG,3,2,4,0.1118,0,859,317,29.164,22.877
4BZ1_HLA,5AAW_FG,3,3,4,-0.205,1,789,291,27.4,20.972
4L5F_HLE,5VIC_HLE,3,1,4,1.3808,0,882,328,29.687,23.255
4L5F_HLE,5VIC_HLE,3,2,4,0.0422,0,891,327,30.006,24.03
4L5F_HLE,5VIC_HLE,3,3,4,1.1342,0,881,321,29.744,23.528
5DUM_HLA,6IUT_HLA,3,1,4,-0.4073,1,1967,721,64.386,56.34
5DUM_HLA,6IUT_HLA,3,2,4,0.5226,0,1984,732,65.563,56.943
5DUM_HLA,6IUT_HLA,3,3,4,1.5481,0,1983,729,64.367,56.17
5GJS_HLB,5GJS_HLB,3,1,4,0.7342,0,1536,562,50.921,43.143
5GJS_HLB,5GJS_HLB,3,2,4,0.1936,0,1491,549,49.099,41.298
5GJS_HLB,5GJS_HLB,3,3,4,-0.9434,1,1445,533,47.358,39.885
5GZN_HLA,7A3U_HLA,3,1,4,-0.187,1,1897,699,78.3,67.644
5GZN_HLA,7A3U_HLA,3,2,4,-0.1842,1,1929,715,77.957,67.38
5GZN_HLA,7A3U_HLA,3,3,4,-0.2335,1,1868,688,73.94,64.303
5JHL_HLA,7A3U_HLA,3,1,4,0.3234,0,855,315,37.582,29.638
5JHL_HLA,7A3U_HLA,3,2,4,0.6046,0,875,321,37.297,29.889
5JHL_HLA,7A3U_HLA,3,3,4,0.5608,0,893,327,38.702,31.185
5MVZ_HLU,4G6J_HLA,3,1,4,-0.2185,1,975,359,33.327,26.778
5MVZ_HLU,4G6J_HLA,3,2,4,-1.1706,1,965,359,33.362,26.563
5MVZ_HLU,4G6J_HLA,3,3,4,-0.8283,1,915,339,32.051,25.339
5UGY_HLA,7SCN_HLA,3,1,4,-1.0952,1,1741,639,65.485,56.867
5UGY_HLA,7SCN_HLA,3,2,4,-1.0034,1,1755,647,65.481,56.518
5UGY_HLA,7SCN_HLA,3,3,4,-0.9942,1,1793,655,66.722,57.97
5VIC_HLE,5VIC_HLE,3,1,4,-1.0256,1,1453,537,45.794,38.69
5VIC_HLE,5VIC_HLE,3,2,4,-0.8382,1,1444,530,46.061,39.03
5VIC_HLE,5VIC_HLE,3,3,4,-0.6226,1,1389,515,45.684,38.258
5VIG_HLZ,5VIG_HLZ,3,1,4,-0.9223,1,1141,421,37.094,30.335
5VIG_HLZ,5VIG_HLZ,3,2,4,0.8863,0,1150,424,38.404,31.363
5VIG_HLZ,5VIG_HLZ,3,3,4,-0.4662,1,1175,431,38.003,31.32
6AJ9_HLC,6AJ9_HLC,3,1,4,-0.5394,1,1224,450,37.874,31.04
6AJ9_HLC,6AJ9_HLC,3,2,4,-1.4434,1,1217,451,38.763,31.559
6AJ9_HLC,6AJ9_HLC,3,3,4,-0.8423,1,1207,447,37.974,31.226
6FLA_HLI,6FLC_HLG,3,1,4,0.2375,0,794,292,27.542,21.386
6FLA_HLI,6FLC_HLG,3,2,4,0.1946,0,824,302,28.683,22.482
6FLA_HLI,6FLC_HLG,3,3,4,0.3709,0,819,303,28.279,22.098
6FLB_HLG,6FLC_HLG,3,1,4,1.161,0,798,290,27.303,21.263
6FLB_HLG,6FLC_HLG,3,2,4,0.1441,0,803,297,27.984,21.458
6FLB_HLG,6FLC_HLG,3,3,4,0.2854,0,820,304,27.863,21.572
6KZ0_KLJ,6KZ0_KLJ,3,1,4,-0.8244,1,1339,497,40.977,33.68
6KZ0_KLJ,6KZ0_KLJ,3,2,4,-0.1886,1,1368,502,41.387,34.869
6KZ0_KLJ,6KZ0_KLJ,3,3,4,-0.378,1,1356,498,41.738,34.93
6MLM_KLH,6II8_HLC,3,1,4,0.6446,0,1659,615,52.815,45.006
6MLM_KLH,6II8_HLC,3,2,4,1.0247,0,1652,612,54.392,46.055
6MLM_KLH,6II8_HLC,3,3,4,1.2823,0,1644,610,52.79,44.779
6PLK_HLE,5VIG_HLZ,3,1,4,-0.395,1,1455,531,46.236,39.138
6PLK_HLE,5VIG_HLZ,3,2,4,-0.0488,1,1412,516,45.746,38.989
6PLK_HLE,5VIG_HLZ,3,3,4,-0.3806,1,1409,517,44.746,37.746
6QX4_DA,6QX4_DA,3,1,4,0.1616,0,1818,672,65.414,56.441
6QX4_DA,6QX4_DA,3,2,4,0.6842,0,1821,665,66.251,57.575
6QX4_DA,6QX4_DA,3,3,4,-0.3998,1,1801,665,64.469,55.333
6QX4_HB,6QX4_DA,3,1,4,-1.4163,1,1816,668,65.424,56.894
6QX4_HB,6QX4_DA,3,2,4,-1.1568,1,1801,661,66.617,57.419
6QX4_HB,6QX4_DA,3,3,4,-0.8856,1,1797,663,66.376,57.242
6VJA_HLC,6VJA_HLC,3,1,4,-0.2092,1,1208,442,39.889,33.313
6VJA_HLC,6VJA_HLC,3,2,4,-0.5447,1,1179,433,40.45,33.402
6VJA_HLC,6VJA_HLC,3,3,4,-0.2874,1,1190,438,40.628,33.697
6VRQ_HLA,6VRQ_HLA,3,1,4,2.757,0,1062,392,36.921,29.943
6VRQ_HLA,6VRQ_HLA,3,2,4,2.4261,0,1107,405,38.401,31.592
6VRQ_HLA,6VRQ_HLA,3,3,4,1.6673,0,1016,370,35.601,29.162
7AMS_HLB,7AMS_HLB,3,1,4,-0.517,1,1573,579,53.828,45.691
7AMS_HLB,7AMS_HLB,3,2,4,-0.8027,1,1607,593,54.291,46.259
7AMS_HLB,7AMS_HLB,3,3,4,-0.2993,1,1593,585,53.971,45.998
7BQ5_HLA,7A3U_HLA,3,1,4,-0.5961,1,809,299,35.004,27.475
7BQ5_HLA,7A3U_HLA,3,2,4,0.2045,0,898,332,38.249,30.489
7BQ5_HLA,7A3U_HLA,3,3,4,0.1148,0,851,315,36.845,28.91
7CN2_GgE,7CN2_JjB,3,1,4,-3.0625,1,1571,577,57.526,48.773
7CN2_GgE,7CN2_JjB,3,2,4,-3.1576,1,1583,585,57.767,48.761
7CN2_GgE,7CN2_JjB,3,3,4,-5.0435,1,1605,591,58.871,49.927
7JLK_HLB,7JLK_HLB,3,1,4,-1.1825,1,1338,492,41.537,34.716
7JLK_HLB,7JLK_HLB,3,2,4,-0.5787,1,1383,507,44.846,37.518
7JLK_HLB,7JLK_HLB,3,3,4,-0.8539,1,1327,489,41.15,34.251
7MZK_HLA,7WVL_HLF,3,1,4,0.3614,0,1352,494,45.27,37.943
7MZK_HLA,7WVL_HLF,3,2,4,1.0582,0,1311,489,44.786,36.888
7MZK_HLA,7WVL_HLF,3,3,4,0.3105,0,1325,487,45.809,38.285
7OR9_HLE,7WVL_HLF,3,1,4,1.8485,0,1447,533,48.377,40.591
7OR9_HLE,7WVL_HLF,3,2,4,1.7143,0,1440,534,47.847,40.179
7OR9_HLE,7WVL_HLF,3,3,4,0.402,0,1556,568,51.504,44.013
7STZ_HLC,7STZ_HLC,3,1,4,1.4552,0,1118,412,49.089,40.414
7STZ_HLC,7STZ_HLC,3,2,4,0.1023,0,1142,420,50.988,42.208
7STZ_HLC,7STZ_HLC,3,3,4,1.545,0,1139,417,49.747,41.255
7TBF_HLA,7WVL_HLF,3,1,4,-0.2259,1,408,148,17.67,11.802
7TBF_HLA,7WVL_HLF,3,2,4,-0.1856,1,379,141,16.669,10.911
7TBF_HLA,7WVL_HLF,3,3,4,-0.2141,1,375,139,16.497,10.716
7TTX_HLA,7WVL_HLF,3,1,4,-0.3737,1,2043,751,66.704,58.02
7TTX_HLA,7WVL_HLF,3,2,4,-1.8951,1,2050,756,66.511,58.14
7TTX_HLA,7WVL_HLF,3,3,4,-0.4586,1,2053,755,68.171,59.721
7VYR_HLR,7WVL_HLF,3,1,4,0.0861,0,956,352,33.219,26.573
7VYR_HLR,7WVL_HLF,3,2,4,-0.6158,1,959,351,33.036,26.691
7VYR_HLR,7WVL_HLF,3,3,4,-0.5778,1,907,333,31.996,25.624
7WPH_HLB,7WVL_HLF,3,1,4,-0.3891,1,1229,453,43.965,35.676
7WPH_HLB,7WVL_HLF,3,2,4,-0.3341,1,1277,473,43.605,35.37
7WPH_HLB,7WVL_HLF,3,3,4,-0.6283,1,1240,456,43.298,35.708
7X2O_HLB,7X2I_HLB,3,1,4,1.7672,0,1138,420,36.319,29.385
7X2O_HLB,7X2I_HLB,3,2,4,1.9396,0,1137,421,36.183,29.545
7X2O_HLB,7X2I_HLB,3,3,4,1.3053,0,1140,420,37.147,30.353
7X2W_HLC,7X2W_HLC,3,1,4,1.0191,0,980,360,31.949,25.399
7X2W_HLC,7X2W_HLC,3,2,4,0.6315,0,970,354,32.792,26.409
7X2W_HLC,7X2W_HLC,3,3,4,0.5566,0,963,357,32.155,25.528
7X3D_HLB,7X2I_HLB,3,1,4,0.1995,0,1522,560,46.583,39.722
7X3D_HLB,7X2I_HLB,3,2,4,0.2256,0,1501,553,47.252,40.008
7X3D_HLB,7X2I_HLB,3,3,4,-0.0669,1,1515,561,47.155,39.804
7X4I_HA,7WVL_HLF,3,1,4,-3.4122,1,1744,638,53.972,46.663
7X4I_HA,7WVL_HLF,3,2,4,-3.9401,1,1696,622,53.615,45.66
7X4I_HA,7WVL_HLF,3,3,4,-2.9698,1,1728,640,54.017,45.837
7YCL_HLD,7WVL_HLF,3,1,4,2.1693,0,1410,516,46.721,39.527
7YCL_HLD,7WVL_HLF,3,2,4,1.7457,0,1360,502,45.115,37.724
7YCL_HLD,7WVL_HLF,3,3,4,0.3999,0,1374,506,46.105,38.555
7ZRA_FC,7ZRA_FC,3,1,4,-0.924,1,1525,563,48.524,41.262
7ZRA_FC,7ZRA_FC,3,2,4,-1.0782,1,1586,580,48.05,41.193
7ZRA_FC,7ZRA_FC,3,3,4,-1.1034,1,1581,585,48.211,40.744
8CYH_HLM,8CYH_HLM,3,1,4,0.8886,0,1007,369,38.269,31.207
8CYH_HLM,8CYH_HLM,3,2,4,0.5186,0,1079,399,41.074,33.38
8CYH_HLM,8CYH_HLM,3,3,4,0.9495,0,1007,371,39.398,31.919
8IDN_HLA,7WVL_HLF,3,1,4,0.5418,0,1102,406,36.62,29.718
8IDN_HLA,7WVL_HLF,3,2,4,0.4594,0,1071,401,34.053,27.567
8IDN_HLA,7WVL_HLF,3,3,4,-0.268,1,1047,389,34.441,27.662
1IC7_HLY,4TTD_HLA,6,1,4,-1.4441,1,954,179,31.035,24.651
1IC7_HLY,4TTD_HLA,6,2,4,-1.5892,1,966,181,31.477,25.312
1IC7_HLY,4TTD_HLA,6,3,4,-1.5376,1,976,186,33.42,26.085
1KB5_HLB,1KB5_HLB,6,1,4,-0.6843,1,2173,413,68.069,60.193
1KB5_HLB,1KB5_HLB,6,2,4,-0.6752,1,2074,399,66.321,57.943
1KB5_HLB,1KB5_HLB,6,3,4,-0.3887,1,2126,401,65.968,58.315
1KXT_DC,1KXT_FE,6,1,4,-0.4238,1,804,154,29.43,22.591
1KXT_DC,1KXT_FE,6,2,4,-0.715,1,811,151,29.242,22.894
1KXT_DC,1KXT_FE,6,3,4,-0.4261,1,835,160,30.104,23.301
1KXT_FE,1KXT_FE,6,1,4,0.4805,0,772,147,28.175,21.794
1KXT_FE,1KXT_FE,6,2,4,-0.2946,1,855,160,31.088,24.632
1KXT_FE,1KXT_FE,6,3,4,0.2362,0,799,149,29.447,22.754
1RJC_AB,4TTD_HLA,6,1,4,-1.1036,1,1554,299,47.537,40.533
1RJC_AB,4TTD_HLA,6,2,4,-0.094,1,1557,292,49.393,42.358
1RJC_AB,4TTD_HLA,6,3,4,-1.6167,1,1510,285,47.538,40.579
1ZVH_AL,4TTD_HLA,6,1,4,2.1544,0,3389,639,97.985,89.15
1ZVH_AL,4TTD_HLA,6,2,4,2.2015,0,3384,644,103.723,94.329
1ZVH_AL,4TTD_HLA,6,3,4,0.9673,0,3448,653,104.596,95.519
3L5W_HLI,7REW_HLI,6,1,4,-0.5786,1,2282,427,69.739,62.134
3L5W_HLI,7REW_HLI,6,2,4,-0.248,1,2241,421,69.049,61.471
3L5W_HLI,7REW_HLI,6,3,4,-0.1424,1,2248,433,69.829,61.809
3L5X_HLA,7REW_HLI,6,1,4,-0.7429,1,2294,434,69.572,62.246
3L5X_HLA,7REW_HLI,6,2,4,-0.8928,1,2227,427,69.202,61.304
3L5X_HLA,7REW_HLI,6,3,4,-0.5042,1,2286,431,71.023,63.31
3OGO_FC,3OGO_GB,6,1,4,1.1769,0,1445,275,46.557,39.404
3OGO_FC,3OGO_GB,6,2,4,1.3793,0,1389,264,44.206,37.048
3OGO_FC,3OGO_GB,6,3,4,1.2649,0,1388,263,43.83,36.891
3OGO_GB,3OGO_GB,6,1,4,1.7338,0,1427,272,44.688,38.024
3OGO_GB,3OGO_GB,6,2,4,1.5009,0,1427,272,45.611,38.526
3OGO_GB,3OGO_GB,6,3,4,2.2214,0,1434,274,45.963,38.892
3VI3_HLD,3VI3_HLD,6,1,4,-1.8766,1,1908,358,76.119,67.176
3VI3_HLD,3VI3_HLD,6,2,4,-2.9307,1,1731,331,69.719,60.549
3VI3_HLD,3VI3_HLD,6,3,4,-1.8974,1,1809,344,73.043,63.5
4AL8_HLC,5VIC_HLE,6,1,4,0.0869,0,1483,283,47.175,39.918
4AL8_HLC,5VIC_HLE,6,2,4,0.1854,0,1540,295,48.132,41.278
4AL8_HLC,5VIC_HLE,6,3,4,-0.1408,1,1603,298,50.3,43.343
4BZ1_HLA,5AAW_FG,6,1,4,0.0437,0,1589,304,50.474,42.704
4BZ1_HLA,5AAW_FG,6,2,4,0.0548,0,1608,303,51.259,43.791
4BZ1_HLA,5AAW_FG,6,3,4,-0.1348,1,1550,295,48.858,41.83
4L5F_HLE,5VIC_HLE,6,1,4,0.6197,0,1710,325,53.033,45.959
4L5F_HLE,5VIC_HLE,6,2,4,1.0383,0,1712,322,53.383,46.594
4L5F_HLE,5VIC_HLE,6,3,4,1.0915,0,1700,320,53.069,46.111
5DUM_HLA,6IUT_HLA,6,1,4,0.836,0,3816,721,120.651,111.401
5DUM_HLA,6IUT_HLA,6,2,4,0.3181,0,3972,752,124.623,115.258
5DUM_HLA,6IUT_HLA,6,3,4,0.9972,0,3837,727,119.729,110.525
5GJS_HLB,5GJS_HLB,6,1,4,0.2951,0,2852,532,88.337,80.025
5GJS_HLB,5GJS_HLB,6,2,4,0.3903,0,2866,541,90.12,81.299
5GJS_HLB,5GJS_HLB,6,3,4,-0.1749,1,2860,540,89.362,80.566
5GZN_HLA,7A3U_HLA,6,1,4,-0.8606,1,3815,720,144.834,133.535
5GZN_HLA,7A3U_HLA,6,2,4,0.5281,0,3677,692,140.549,129.249
5GZN_HLA,7A3U_HLA,6,3,4,0.6558,0,3728,708,144.304,132.529
5JHL_HLA,7A3U_HLA,6,1,4,0.5895,0,1651,316,65.917,57.228
5JHL_HLA,7A3U_HLA,6,2,4,1.4596,0,1684,319,67.944,59.174
5JHL_HLA,7A3U_HLA,6,3,4,0.1662,0,1572,297,62.364,53.562
5MVZ_HLU,4G6J_HLA,6,1,4,-0.9367,1,1860,355,59.825,52.084
5MVZ_HLU,4G6J_HLA,6,2,4,-0.6532,1,1829,344,58.231,50.947
5MVZ_HLU,4G6J_HLA,6,3,4,-0.2866,1,1841,351,59.126,51.452
5UGY_HLA,7SCN_HLA,6,1,4,-0.9712,1,3398,643,123.456,113.224
5UGY_HLA,7SCN_HLA,6,2,4,-0.2074,1,3487,652,125.399,115.556
5UGY_HLA,7SCN_HLA,6,3,4,-1.0613,1,3345,640,120.872,110.42
5VIC_HLE,5VIC_HLE,6,1,4,-1.0236,1,2834,534,86.993,78.469
5VIC_HLE,5VIC_HLE,6,2,4,-1.3454,1,2790,530,84.162,75.612
5VIC_HLE,5VIC_HLE,6,3,4,-0.822,1,2736,521,83.458,75.263
5VIG_HLZ,5VIG_HLZ,6,1,4,-0.7349,1,2278,433,71.588,63.221
5VIG_HLZ,5VIG_HLZ,6,2,4,-1.6138,1,2380,445,72.986,65.264
5VIG_HLZ,5VIG_HLZ,6,3,4,-0.5479,1,2300,430,70.78,63.043
6AJ9_HLC,6AJ9_HLC,6,1,4,-1.1787,1,2360,445,72.005,64.509
6AJ9_HLC,6AJ9_HLC,6,2,4,-1.2318,1,2391,446,70.51,63.231
6AJ9_HLC,6AJ9_HLC,6,3,4,-0.7543,1,2437,457,76.346,68.135
6FLA_HLI,6FLC_HLG,6,1,4,0.5714,0,1688,323,53.746,46.415
6FLA_HLI,6FLC_HLG,6,2,4,0.0228,0,1599,299,50.419,43.329
6FLA_HLI,6FLC_HLG,6,3,4,0.2919,0,1618,308,52.453,45.171
6FLB_HLG,6FLC_HLG,6,1,4,0.0943,0,1531,291,49.458,42.042
6FLB_HLG,6FLC_HLG,6,2,4,0.1878,0,1574,304,49.567,42.33
6FLB_HLG,6FLC_HLG,6,3,4,0.0834,0,1541,291,48.444,41.659
6KZ0_KLJ,6KZ0_KLJ,6,1,4,-0.7157,1,2729,514,81.373,73.814
6KZ0_KLJ,6KZ0_KLJ,6,2,4,-0.4568,1,2670,510,79.468,71.496
6KZ0_KLJ,6KZ0_KLJ,6,3,4,-0.4244,1,2660,500,77.491,69.687
6MLM_KLH,6II8_HLC,6,1,4,0.5286,0,3211,601,96.632,88.304
6MLM_KLH,6II8_HLC,6,2,4,0.7255,0,3117,592,95.061,86.332
6MLM_KLH,6II8_HLC,6,3,4,1.2126,0,3219,609,99.818,91.033
6PLK_HLE,5VIG_HLZ,6,1,4,1.3302,0,2660,505,81.09,73.103
6PLK_HLE,5VIG_HLZ,6,2,4,0.4142,0,2708,508,82.677,74.864
6PLK_HLE,5VIG_HLZ,6,3,4,-0.4497,1,2628,503,80.162,72.263
6QX4_DA,6QX4_DA,6,1,4,-1.4871,1,3553,673,123.642,113.605
6QX4_DA,6QX4_DA,6,2,4,-0.9465,1,3481,656,121.128,111.134
6QX4_DA,6QX4_DA,6,3,4,0.184,0,3562,677,121.734,111.825
6QX4_HB,6QX4_DA,6,1,4,-0.8688,1,3400,640,118.347,108.588
6QX4_HB,6QX4_DA,6,2,4,0.2413,0,3510,660,122.035,112.517
6QX4_HB,6QX4_DA,6,3,4,-0.679,1,3400,645,118.07,108.196
6VJA_HLC,6VJA_HLC,6,1,4,0.1145,0,2428,458,77.259,69.161
6VJA_HLC,6VJA_HLC,6,2,4,-0.2643,1,2325,440,73.123,64.956
6VJA_HLC,6VJA_HLC,6,3,4,0.0015,0,2304,439,73.711,65.292
6VRQ_HLA,6VRQ_HLA,6,1,4,2.4013,0,2109,404,68.332,60.454
6VRQ_HLA,6VRQ_HLA,6,2,4,3.4008,0,2008,383,66.185,57.888
6VRQ_HLA,6VRQ_HLA,6,3,4,2.5868,0,2102,402,69.5,61.43
7AMS_HLB,7AMS_HLB,6,1,4,0.0467,0,2994,569,97.619,88.566
7AMS_HLB,7AMS_HLB,6,2,4,-1.1243,1,3037,572,98.753,89.882
7AMS_HLB,7AMS_HLB,6,3,4,0.0022,0,3071,576,100.072,91.203
7BQ5_HLA,7A3U_HLA,6,1,4,0.7149,0,1616,311,66.147,56.215
7BQ5_HLA,7A3U_HLA,6,2,4,0.0882,0,1696,321,67.176,58.34
7BQ5_HLA,7A3U_HLA,6,3,4,-0.0843,1,1746,331,68.81,59.909
7CN2_GgE,7CN2_JjB,6,1,4,-4.8032,1,3100,585,107.18,97.421
7CN2_GgE,7CN2_JjB,6,2,4,-4.1387,1,3253,608,114.983,105.169
7CN2_GgE,7CN2_JjB,6,3,4,-3.861,1,3178,598,111.979,102.229
7JLK_HLB,7JLK_HLB,6,1,4,-0.4285,1,2573,493,80.606,72.207
7JLK_HLB,7JLK_HLB,6,2,4,-0.3864,1,2566,486,77.489,69.417
7JLK_HLB,7JLK_HLB,6,3,4,-0.6614,1,2608,498,76.884,68.999
7MZK_HLA,7WVL_HLF,6,1,4,0.4777,0,2453,468,77.975,69.827
7MZK_HLA,7WVL_HLF,6,2,4,0.133,0,2563,483,80.745,72.53
7MZK_HLA,7WVL_HLF,6,3,4,0.4859,0,2577,487,82.666,74.265
7OR9_HLE,7WVL_HLF,6,1,4,1.4377,0,2826,536,90.127,81.546
7OR9_HLE,7WVL_HLF,6,2,4,-0.2872,1,2798,533,90.172,81.166
7OR9_HLE,7WVL_HLF,6,3,4,1.1093,0,2918,558,93.622,84.37
7STZ_HLC,7STZ_HLC,6,1,4,0.6523,0,2191,411,90.527,80.779
7STZ_HLC,7STZ_HLC,6,2,4,0.447,0,2259,429,93.442,83.579
7STZ_HLC,7STZ_HLC,6,3,4,0.0723,0,2210,420,90.88,81.2
7TBF_HLA,7WVL_HLF,6,1,4,-0.2185,1,748,138,27.99,21.367
7TBF_HLA,7WVL_HLF,6,2,4,-0.2381,1,848,158,30.269,23.994
7TBF_HLA,7WVL_HLF,6,3,4,-0.1966,1,802,152,29.748,22.961
7TTX_HLA,7WVL_HLF,6,1,4,-0.9029,1,4014,764,125.669,116.213
7TTX_HLA,7WVL_HLF,6,2,4,-0.0965,1,3970,745,124.504,115.197
7TTX_HLA,7WVL_HLF,6,3,4,-0.4444,1,3883,738,121.707,112.233
7VYR_HLR,7WVL_HLF,6,1,4,-0.6695,1,1738,328,56.94,49.477
7VYR_HLR,7WVL_HLF,6,2,4,-0.7013,1,1873,353,60.202,52.534
7VYR_HLR,7WVL_HLF,6,3,4,-0.0803,1,1879,354,60.8,53.032
7WPH_HLB,7WVL_HLF,6,1,4,-0.7287,1,2454,464,78.31,70.209
7WPH_HLB,7WVL_HLF,6,2,4,-0.8999,1,2492,467,80.417,72.007
7WPH_HLB,7WVL_HLF,6,3,4,-0.262,1,2386,451,76.87,68.787
7X2O_HLB,7X2I_HLB,6,1,4,2.7984,0,2235,420,68.236,60.247
7X2O_HLB,7X2I_HLB,6,2,4,1.2161,0,2276,431,70.44,62.086
7X2O_HLB,7X2I_HLB,6,3,4,0.6706,0,2348,443,68.591,60.769
7X2W_HLC,7X2W_HLC,6,1,4,0.5928,0,1897,362,56.846,49.455
7X2W_HLC,7X2W_HLC,6,2,4,0.6332,0,1854,354,55.203,47.896
7X2W_HLC,7X2W_HLC,6,3,4,0.0853,0,1910,365,57.684,49.875
7X3D_HLB,7X2I_HLB,6,1,4,0.2626,0,2920,550,86.172,78.315
7X3D_HLB,7X2I_HLB,6,2,4,0.1642,0,2940,560,87.528,79.296
7X3D_HLB,7X2I_HLB,6,3,4,0.1416,0,2996,561,91.079,82.865
7X4I_HA,7WVL_HLF,6,1,4,-1.149,1,3245,615,96.899,88.321
7X4I_HA,7WVL_HLF,6,2,4,-2.8796,1,3322,627,101.345,92.649
7X4I_HA,7WVL_HLF,6,3,4,-3.1339,1,3176,596,92.689,84.912
7YCL_HLD,7WVL_HLF,6,1,4,1.3354,0,2837,532,90.386,81.872
7YCL_HLD,7WVL_HLF,6,2,4,1.1108,0,2666,506,83.769,75.644
7YCL_HLD,7WVL_HLF,6,3,4,0.9085,0,2683,508,85.514,77.084
7ZRA_FC,7ZRA_FC,6,1,4,-1.4762,1,2944,559,87.238,79.097
7ZRA_FC,7ZRA_FC,6,2,4,-0.2057,1,3017,567,87.155,79.159
7ZRA_FC,7ZRA_FC,6,3,4,-1.3666,1,3040,580,89.594,81.405
8CYH_HLM,8CYH_HLM,6,1,4,1.1291,0,1993,378,71.221,62.943
8CYH_HLM,8CYH_HLM,6,2,4,0.186,0,2030,380,72.339,63.951
8CYH_HLM,8CYH_HLM,6,3,4,1.1151,0,1997,377,72.072,63.544
8IDN_HLA,7WVL_HLF,6,1,4,-0.165,1,2214,414,65.808,58.043
8IDN_HLA,7WVL_HLF,6,2,4,0.3538,0,2180,415,67.955,59.739
8IDN_HLA,7WVL_HLF,6,3,4,0.3998,0,2150,410,66.017,58.063
1IC7_HLY,4TTD_HLA,12,1,4,-1.5497,1,1946,186,60.112,51.951
1IC7_HLY,4TTD_HLA,12,2,4,-1.4705,1,1944,184,59.225,50.986
1IC7_HLY,4TTD_HLA,12,3,4,-1.6675,1,1854,182,56.868,48.698
1KB5_HLB,1KB5_HLB,12,1,4,-0.322,1,3878,380,118.723,109.325
1KB5_HLB,1KB5_HLB,12,2,4,-0.4794,1,4296,413,127.604,118.056
1KB5_HLB,1KB5_HLB,12,3,4,-0.7286,1,3824,370,114.164,104.762
1KXT_DC,1KXT_FE,12,1,4,-0.4705,1,1534,148,52.659,44.231
1KXT_DC,1KXT_FE,12,2,4,-0.4502,1,1608,156,54.04,45.283
1KXT_DC,1KXT_FE,12,3,4,-0.0716,1,1547,150,51.713,43.228
1KXT_FE,1KXT_FE,12,1,4,-0.8686,1,1615,152,54.123,45.5
1KXT_FE,1KXT_FE,12,2,4,-0.2475,1,1683,165,55.531,46.812
1KXT_FE,1KXT_FE,12,3,4,0.3833,0,1614,151,54.292,45.791
1RJC_AB,4TTD_HLA,12,1,4,-0.7687,1,3177,306,95.555,86.541
1RJC_AB,4TTD_HLA,12,2,4,-0.0083,1,2934,283,86.237,77.518
1RJC_AB,4TTD_HLA,12,3,4,-0.218,1,3137,299,90.171,81.818
1ZVH_AL,4TTD_HLA,12,1,4,0.3109,0,6860,656,198.391,187.901
1ZVH_AL,4TTD_HLA,12,2,4,2.7152,0,6682,643,202.187,191.421
1ZVH_AL,4TTD_HLA,12,3,4,2.2892,0,6728,645,197.105,186.793
3L5W_HLI,7REW_HLI,12,1,4,-0.6634,1,4485,426,135.252,125.707
3L5W_HLI,7REW_HLI,12,2,4,-0.223,1,4217,411,127.117,117.2
3L5W_HLI,7REW_HLI,12,3,4,-0.7091,1,4357,419,128.655,119.52
3L5X_HLA,7REW_HLI,12,1,4,-0.8064,1,4447,421,131.119,121.796
3L5X_HLA,7REW_HLI,12,2,4,-0.7514,1,4613,444,135.512,126.283
3L5X_HLA,7REW_HLI,12,3,4,-0.3359,1,4510,429,133.949,124.545
3OGO_FC,3OGO_GB,12,1,4,0.8262,0,2729,265,78.634,70.338
3OGO_FC,3OGO_GB,12,2,4,0.6455,0,2785,266,81.45,72.898
3OGO_FC,3OGO_GB,12,3,4,0.1066,0,2858,273,83.253,74.701
3OGO_GB,3OGO_GB,12,1,4,0.834,0,2825,273,81.927,73.57
3OGO_GB,3OGO_GB,12,2,4,1.5577,0,2715,262,84.563,75.747
3OGO_GB,3OGO_GB,12,3,4,1.998,0,2860,275,84.941,76.177
3VI3_HLD,3VI3_HLD,12,1,4,-1.5828,1,3439,326,132.736,121.495
3VI3_HLD,3VI3_HLD,12,2,4,-4.2488,1,3625,347,137.923,126.806
3VI3_HLD,3VI3_HLD,12,3,4,-1.864,1,3567,344,136.458,124.8
4AL8_HLC,5VIC_HLE,12,1,4,0.0984,0,2826,274,86.233,77.411
4AL8_HLC,5VIC_HLE,12,2,4,0.0363,0,2910,281,87.786,78.8
4AL8_HLC,5VIC_HLE,12,3,4,0.0599,0,2827,275,88.714,79.838
4BZ1_HLA,5AAW_FG,12,1,4,-0.1694,1,3197,304,94.933,86.404
4BZ1_HLA,5AAW_FG,12,2,4,-0.1445,1,3115,299,93.53,84.563
4BZ1_HLA,5AAW_FG,12,3,4,-0.2425,1,3261,313,97.178,87.633
4L5F_HLE,5VIC_HLE,12,1,4,1.3649,0,3267,319,98.078,88.548
4L5F_HLE,5VIC_HLE,12,2,4,0.8726,0,3216,312,95.332,86.109
4L5F_HLE,5VIC_HLE,12,3,4,0.9637,0,3346,321,98.58,89.777
5DUM_HLA,6IUT_HLA,12,1,4,1.7169,0,7331,709,225.909,214.648
5DUM_HLA,6IUT_HLA,12,2,4,-0.994,1,7664,723,238.266,227.392
5DUM_HLA,6IUT_HLA,12,3,4,0.7814,0,7447,715,227.407,216.007
5GJS_HLB,5GJS_HLB,12,1,4,-0.3902,1,5678,541,170.818,160.805
5GJS_HLB,5GJS_HLB,12,2,4,0.6623,0,5582,533,170.22,159.52
5GJS_HLB,5GJS_HLB,12,3,4,0.4776,0,5598,538,169.75,159.106
5GZN_HLA,7A3U_HLA,12,1,4,-0.0492,1,7381,704,277.204,263.419
5GZN_HLA,7A3U_HLA,12,2,4,0.9113,0,7490,714,283.888,269.962
5GZN_HLA,7A3U_HLA,12,3,4,-1.2427,1,7299,710,272.393,258.614
5JHL_HLA,7A3U_HLA,12,1,4,0.4095,0,3392,323,127.66,116.959
5JHL_HLA,7A3U_HLA,12,2,4,1.1144,0,3140,302,120.557,109.376
5JHL_HLA,7A3U_HLA,12,3,4,0.6725,0,3207,303,124.863,113.738
5MVZ_HLU,4G6J_HLA,12,1,4,-1.1788,1,3622,344,110.798,101.44
5MVZ_HLU,4G6J_HLA,12,2,4,-0.6218,1,3673,351,112.954,103.542
5MVZ_HLU,4G6J_HLA,12,3,4,-0.2847,1,3613,346,111.299,101.841
5UGY_HLA,7SCN_HLA,12,1,4,-0.9957,1,6754,649,241.267,228.438
5UGY_HLA,7SCN_HLA,12,2,4,-0.768,1,6663,646,234.141,221.581
5UGY_HLA,7SCN_HLA,12,3,4,-1.2883,1,6717,645,239.487,226.834
5VIC_HLE,5VIC_HLE,12,1,4,-0.3957,1,5547,531,159.97,150.18
5VIC_HLE,5VIC_HLE,12,2,4,-1.182,1,5568,530,163.636,153.79
5VIC_HLE,5VIC_HLE,12,3,4,-1.5567,1,5455,516,159.117,149.247
5VIG_HLZ,5VIG_HLZ,12,1,4,0.2577,0,4400,429,129.016,119.365
5VIG_HLZ,5VIG_HLZ,12,2,4,-0.4469,1,4601,443,138.096,128.569
5VIG_HLZ,5VIG_HLZ,12,3,4,-1.4906,1,4707,450,137.076,127.712
6AJ9_HLC,6AJ9_HLC,12,1,4,-0.258,1,4645,443,136.138,126.726
6AJ9_HLC,6AJ9_HLC,12,2,4,-0.7953,1,4696,450,140.662,130.93
6AJ9_HLC,6AJ9_HLC,12,3,4,-1.1833,1,4691,445,139.359,129.54
6FLA_HLI,6FLC_HLG,12,1,4,0.0449,0,3169,309,94.045,85.082
6FLA_HLI,6FLC_HLG,12,2,4,0.2267,0,3313,321,97.972,88.98
6FLA_HLI,6FLC_HLG,12,3,4,0.3972,0,3261,313,97.887,88.881
6FLB_HLG,6FLC_HLG,12,1,4,0.5095,0,3107,302,95.666,86.617
6FLB_HLG,6FLC_HLG,12,2,4,0.3598,0,3122,295,94.072,85.403
6FLB_HLG,6FLC_HLG,12,3,4,0.236,0,3158,309,95.4,86.258
6KZ0_KLJ,6KZ0_KLJ,12,1,4,-1.3107,1,5050,485,143.22,133.702
6KZ0_KLJ,6KZ0_KLJ,12,2,4,-0.7839,1,5175,500,149.978,140.298
6KZ0_KLJ,6KZ0_KLJ,12,3,4,-0.0938,1,5402,518,153.46,144.207
6MLM_KLH,6II8_HLC,12,1,4,0.6528,0,6129,585,179.892,169.616
6MLM_KLH,6II8_HLC,12,2,4,1.1009,0,6302,604,189.097,178.424
6MLM_KLH,6II8_HLC,12,3,4,1.0977,0,6213,592,181.418,171.644
6PLK_HLE,5VIG_HLZ,12,1,4,-0.2269,1,5120,489,151.136,141.453
6PLK_HLE,5VIG_HLZ,12,2,4,0.5341,0,5334,516,156.343,146.234
6PLK_HLE,5VIG_HLZ,12,3,4,-0.2083,1,5285,511,155.375,145.107
6QX4_DA,6QX4_DA,12,1,4,0.3845,0,7050,681,238.349,226.187
6QX4_DA,6QX4_DA,12,2,4,-1.234,1,6972,669,238.015,225.808
6QX4_DA,6QX4_DA,12,3,4,-0.5295,1,6947,666,235.737,223.6
6QX4_HB,6QX4_DA,12,1,4,-0.8162,1,6992,667,236.128,224.077
6QX4_HB,6QX4_DA,12,2,4,-2.1556,1,6839,657,230.481,218.684
6QX4_HB,6QX4_DA,12,3,4,-1.7814,1,7012,676,236.668,224.25
6VJA_HLC,6VJA_HLC,12,1,4,0.1317,0,4604,446,142.996,132.832
6VJA_HLC,6VJA_HLC,12,2,4,-0.0899,1,4631,440,144.522,134.593
6VJA_HLC,6VJA_HLC,12,3,4,-0.1733,1,4651,449,140.999,131.36
6VRQ_HLA,6VRQ_HLA,12,1,4,3.6735,0,4174,401,132.079,121.928
6VRQ_HLA,6VRQ_HLA,12,2,4,1.3965,0,4148,397,130.192,120.434
6VRQ_HLA,6VRQ_HLA,12,3,4,2.5875,0,4105,398,130.157,120.227
7AMS_HLB,7AMS_HLB,12,1,4,-0.4594,1,6038,582,188.842,177.709
7AMS_HLB,7AMS_HLB,12,2,4,-0.4044,1,6023,578,188.184,177.409
7AMS_HLB,7AMS_HLB,12,3,4,-0.6283,1,6048,581,187.481,176.782
7BQ5_HLA,7A3U_HLA,12,1,4,0.1077,0,3177,306,120.857,109.728
7BQ5_HLA,7A3U_HLA,12,2,4,0.3651,0,3413,322,128.557,117.868
7BQ5_HLA,7A3U_HLA,12,3,4,0.0237,0,3138,300,120.915,110.039
7CN2_GgE,7CN2_JjB,12,1,4,-2.85,1,6238,595,208.694,196.939
7CN2_GgE,7CN2_JjB,12,2,4,-4.7874,1,6033,577,205.206,193.314
7CN2_GgE,7CN2_JjB,12,3,4,-3.5572,1,6328,608,214.423,202.435
7JLK_HLB,7JLK_HLB,12,1,4,-0.6012,1,5340,511,155.712,145.934
7JLK_HLB,7JLK_HLB,12,2,4,-0.139,1,5161,497,149.917,140.482
7JLK_HLB,7JLK_HLB,12,3,4,-0.4895,1,5347,518,150.33,140.787
7MZK_HLA,7WVL_HLF,12,1,4,-0.0857,1,4880,480,150.296,139.601
7MZK_HLA,7WVL_HLF,12,2,4,0.6847,0,5139,497,159.151,148.622
7MZK_HLA,7WVL_HLF,12,3,4,1.6264,0,4980,481,158.357,147.821
7OR9_HLE,7WVL_HLF,12,1,4,2.0012,0,5624,542,171.861,161.135
7OR9_HLE,7WVL_HLF,12,2,4,1.4687,0,5743,551,179.401,168.323
7OR9_HLE,7WVL_HLF,12,3,4,0.9001,0,5656,541,176.194,165.367
7STZ_HLC,7STZ_HLC,12,1,4,0.1613,0,4119,401,164.383,152.052
7STZ_HLC,7STZ_HLC,12,2,4,0.3406,0,4120,391,164.11,152.163
7STZ_HLC,7STZ_HLC,12,3,4,0.1327,0,4367,418,174.04,161.848
7TBF_HLA,7WVL_HLF,12,1,4,-0.1699,1,1610,158,54.103,45.586
7TBF_HLA,7WVL_HLF,12,2,4,-0.037,1,1485,143,52.26,43.483
7TBF_HLA,7WVL_HLF,12,3,4,-0.2336,1,1578,148,53.045,44.911
7TTX_HLA,7WVL_HLF,12,1,4,-0.1432,1,7831,747,240.122,228.71
7TTX_HLA,7WVL_HLF,12,2,4,-0.4527,1,7833,749,241.905,230.344
7TTX_HLA,7WVL_HLF,12,3,4,-1.476,1,7919,758,243.903,232.233
7VYR_HLR,7WVL_HLF,12,1,4,-0.3203,1,3869,371,118.797,109.133
7VYR_HLR,7WVL_HLF,12,2,4,-0.6317,1,3744,356,117.256,107.476
7VYR_HLR,7WVL_HLF,12,3,4,0.1919,0,3479,333,106.329,97.29
7WPH_HLB,7WVL_HLF,12,1,4,-1.1294,1,4801,456,145.516,135.273
7WPH_HLB,7WVL_HLF,12,2,4,-0.1216,1,4819,463,146.978,136.793
7WPH_HLB,7WVL_HLF,12,3,4,-1.9873,1,4855,466,150.231,140.089
7X2O_HLB,7X2I_HLB,12,1,4,2.984,0,4430,426,126.485,116.984
7X2O_HLB,7X2I_HLB,12,2,4,2.1956,0,4290,418,120.549,111.637
7X2O_HLB,7X2I_HLB,12,3,4,0.782,0,4339,412,123.891,114.857
7X2W_HLC,7X2W_HLC,12,1,4,0.0362,0,3682,349,104.639,95.878
7X2W_HLC,7X2W_HLC,12,2,4,0.3734,0,3817,363,116.212,106.811
7X2W_HLC,7X2W_HLC,12,3,4,1.0615,0,3642,353,107.879,98.393
7X3D_HLB,7X2I_HLB,12,1,4,0.2595,0,5734,542,162.423,152.728
7X3D_HLB,7X2I_HLB,12,2,4,0.2796,0,5701,542,166.248,155.814
7X3D_HLB,7X2I_HLB,12,3,4,0.4461,0,5884,560,171.648,161.545
7X4I_HA,7WVL_HLF,12,1,4,-3.2519,1,6518,622,192.449,182.295
7X4I_HA,7WVL_HLF,12,2,4,-3.5128,1,6390,615,185.538,175.18
7X4I_HA,7WVL_HLF,12,3,4,-2.7495,1,6438,619,186.235,175.988
7YCL_HLD,7WVL_HLF,12,1,4,0.6159,0,5338,509,161.878,152.071
7YCL_HLD,7WVL_HLF,12,2,4,0.5974,0,5320,513,167.263,156.948
7YCL_HLD,7WVL_HLF,12,3,4,2.5496,0,5548,532,171.704,161.26
7ZRA_FC,7ZRA_FC,12,1,4,-1.6666,1,6095,584,174.529,164.851
7ZRA_FC,7ZRA_FC,12,2,4,-1.0431,1,5926,569,174.556,164.348
7ZRA_FC,7ZRA_FC,12,3,4,-1.4713,1,5910,564,166.599,156.938
8CYH_HLM,8CYH_HLM,12,1,4,0.4181,0,4024,394,138.278,127.488
8CYH_HLM,8CYH_HLM,12,2,4,2.2494,0,4197,402,144.374,133.903
8CYH_HLM,8CYH_HLM,12,3,4,1.4849,0,4267,406,145.845,135.251
8IDN_HLA,7WVL_HLF,12,1,4,-0.4443,1,4286,414,120.948,111.361
8IDN_HLA,7WVL_HLF,12,2,4,0.3148,0,4127,398,117.679,108.287
8IDN_HLA,7WVL_HLF,12,3,4,0.1172,0,4274,413,126.91,117.135
