target,benchmark_cluster,vh_cluster,full_aacdb_cluster,protein_family
1EGJ_HLA,1EGJ_HLA,1EGJ_HLA,1EGJ_HLA,Other
1FDL_HLY,4TTD_HLA,1FDL_HLY,4TTD_HLA,Lysozyme
1FE8_HLA,1FE8_HLA,1FE8_HLA,2ADF_HLA,Other
1IC7_HLY,4TTD_HLA,2DQD_HLY,4TTD_HLA,Lysozyme
1KB5_HLA,1KB5_HLA,1KB5_HLB,1KB5_HLA,TCR beta
1KB5_HLB,1KB5_HLB,1KB5_HLB,1KB5_HLB,Other
1KEN_HLA,6D0U_KLJ,1KEN_HLA,6OCB_HLA,Influenza hemagglutinin
1KXT_DC,1KXT_FE,1KXT_FE,1KXV_DB,Other
1KXT_FE,1KXT_FE,1KXT_FE,1KXV_DB,Other
1NMB_HLN,1NMA_HLN,1A14_HLN,1NMA_HLN,Other
1OSP_HLO,7JWG_HLC,1OSP_HLO,7JWG_HLC,Other
1RJC_AB,4TTD_HLA,1RJC_AB,4TTD_HLA,Lysozyme
1Z3G_HLA,1Z3G_HLA,1Z3G_HLA,1Z3G_HLA,Other
1ZA3_HLR,1ZA3_HLR,6SNI_HLX,1ZA3_HLR,Other
1ZVH_AL,4TTD_HLA,1ZVH_AL,4TTD_HLA,Lysozyme
2B2X_HLA,2B2X_HLA,2B2X_HLA,2B2X_HLA,Other
2BDN_HLA,2BDN_HLA,2BDN_HLA,4DN4_HLM,Other
2FEE_ILB,2FEE_ILB,7L5J_WLB,2FEE_ILB,Other
2W9E_HLA,4DGI_HLA,2W9E_HLA,4DGI_HLA,Other
2WUB_HLA,2WUB_HLA,4ZFG_HLA,3K2U_HLA,Other
3B9K_HLB,3B9K_HLB,3B9K_HLB,3B9K_HLB,Other
3EOA_HLI,3EOA_HLI,3EOA_HLI,3EOB_HLI,Other
3H3B_CA,3H3B_CA,3H3B_CA,3H3B_DB,Other
3KS0_HLB,3KS0_HLB,3KS0_HLB,3KS0_HLB,Other
3L5W_HLI,7REW_HLI,3L5X_HLA,7REW_HLI,Other
3L5X_HLA,7REW_HLI,3L5X_HLA,7REW_HLI,Other
3NFP_HLI,3NFP_HLI,3NFP_HLI,3IU3_HLI,Other
3NH7_HLA,3NH7_HLA,3NH7_HLA,3NH7_HLA,Other
3NIG_HLA,3NIG_HLA,2BDN_HLA,2VDR_HLA,Other
3OGO_FC,3OGO_GB,3OGO_FC,3OGO_GB,Other
3OGO_GB,3OGO_GB,3OGO_FC,3OGO_GB,Other
3P0Y_HLA,5SX4_HLN,4ZFG_HLA,6B3S_HLA,Other
3QUM_HLP,3QUM_HLP,3QUM_HLP,3QUM_HLP,Serine protease
3R1G_HLB,3R1G_HLB,4ZFG_HLA,3R1G_HLB,Other
3S36_HLX,3S37_HLX,3S37_HLX,3S37_HLX,Other
3S88_HLI,3S88_HLI,3S88_HLI,3S88_HLI,Other
3SDY_HLB,4UBD_KLJ,3SDY_HLB,4UBD_KLJ,Other
3SKJ_HLE,3SKJ_HLE,3SKJ_HLE,3SKJ_HLE,Other
3T2N_HLA,3T2N_HLA,3T2N_HLA,3T2N_HLA,Other
3UAJ_HLA,3UAJ_HLA,3UAJ_HLA,3UAJ_HLA,Flavivirus envelope (E)
3VI3_HLD,3VI3_HLD,3VI3_HLD,3VI4_HLD,Other
3WLW_HLB,3WLW_HLB,7UL0_HLA,7QVK_BA,Other
4AEI_HLA,4AEI_HLA,4AEI_HLA,4AEI_HLA,Other
4AL8_HLC,5VIC_HLE,4AL8_HLC,5VIC_HLE,Flavivirus envelope (E)
4BZ1_HLA,5AAW_FG,4BZ1_HLA,5AAW_FG,Flavivirus envelope (E)
4CDG_CA,4CDG_CA,4CDG_CA,4CDG_DB,Other
4CNI_HLC,4O9H_HLA,4CNI_HLC,4ZS7_HLA,Other
4FFW_HLA,4FFW_HLA,4FFW_HLA,4FFW_HLA,Other
4G6J_HLA,4G6J_HLA,8CWK_HLC,4G6J_HLA,Other
4HT1_HLT,4HT1_HLT,4HT1_HLT,4HT1_HLT,Other
4I3S_HLG,4I3S_HLG,3SE9_HLG,4I3S_HLG,HIV-1 env gp120
4I77_HLZ,7REW_HLI,4I77_HLZ,7REW_HLI,Other
4IDJ_HLA,4U6V_HLA,4IDJ_HLA,4U6V_HLA,Other
4IRZ_HLA,4IRZ_HLA,4IRZ_HLA,4IRZ_HLA,Other
4JPV_HLG,4DVR_HLG,4LSV_HLG,4DVR_HLG,HIV-1 env gp120
4K2U_HLA,4K2U_HLA,4K2U_HLA,4K2U_HLA,Other
4L5F_HLE,5VIC_HLE,4L5F_HLE,5VIC_HLE,Flavivirus envelope (E)
4LMQ_HLD,4LMQ_HLD,4LMQ_HLD,4LMQ_HLD,Other
4NZT_HLM,4NZT_HLM,4FQI_HLA,4NZT_HLM,Other
4OCL_FE,4OCL_FE,4OCN_FE,4OCN_CB,Other
4OII_HLA,4OII_HLA,4OII_HLA,4OII_HLA,Other
4UT9_HLA,4UT9_HLA,4UT9_HLA,4UT9_HLA,Flavivirus envelope (E)
4UTA_HLB,4UTA_HLB,4UTA_HLB,5N0A_HLA,Flavivirus envelope (E)
4YBL_HLG,4YBL_HLG,4YC2_HLG,4YBL_HLG,Other
4YGA_DC,4YGA_FE,4YGA_FE,4YGA_HG,Other
4ZPT_HLS,4ZS6_HLA,4ZPT_HLS,6C6Z_HLB,Other
5ANM_HLE,7SHY_KLH,5ANM_HLE,7SHY_KLH,Other
5CZX_HLA,5CZV_HLA,5CZX_HLA,5CZV_HLA,Other
5DUM_HLA,6IUT_HLA,5DUM_HLA,5DUP_HLA,Influenza hemagglutinin
5DUR_HLC,6IUT_HLA,5DUR_HLC,6A0Z_HLA,Influenza hemagglutinin
5E0Q_AB,5E0Q_AB,5E0Q_AB,7NQA_DA,Other
5GGT_HLA,5GGT_HLA,5GGT_HLA,5XXY_HLA,Other
5GJS_HLB,5GJS_HLB,5GJS_HLB,7SCN_HLB,Other
5GZN_HLA,7A3U_HLA,7NX6_HLE,8EEE_HLE,Flavivirus envelope (E)
5HGG_SB,5HGG_SB,5HGG_SB,5LHR_BA,Serine protease
5JHL_HLA,7A3U_HLA,5JHL_HLA,8EEE_HLE,Flavivirus envelope (E)
5JYL_BA,5JYL_DC,5JYL_DC,5JYL_DC,Other
5JZ7_HLB,4EDX_HLV,5JZ7_HLB,4EDX_HLV,Other
5KZC_HLA,6D2P_HLC,6VLW_HLG,6P8N_HLC,HIV-1 env gp120
5LJY_HLA,5LJY_HLA,5LJY_HLA,5LJY_HLA,Other
5M2M_NM,4G3Y_HLC,5M2M_NM,5M2I_LF,Other
5MEV_HLA,6QFC_BA,6QB6_HLA,6QFC_BA,Other
5MVZ_HLU,4G6J_HLA,7Z4T_HLI,4G6J_HLA,Other
5MZV_DA,5MZV_DA,5MZV_DA,5MZV_DA,Other
5O14_HLA,7SBZ_HLC,5O14_HLA,5T5F_HLA,Other
5T1D_HLB,5T1D_HLB,5T1D_HLB,7S07_HLB,Other
5T5N_MLC,5T5N_MLC,5T5N_MLC,5T5N_MLC,Other
5UGY_HLA,7SCN_HLA,5UGY_HLA,7MEM_HLE,Influenza hemagglutinin
5UK4_bB,5UK4_mM,5UK4_mM,5UKB_eE,Other
5VIC_HLE,5VIC_HLE,5VIC_HLE,5VIC_HLE,Flavivirus envelope (E)
5VIG_HLZ,5VIG_HLZ,5VIG_HLZ,5VIG_HLZ,Flavivirus envelope (E)
5W0K_HLA,5W0K_HLA,5W0K_HLA,6C5V_HLA,Other
5X2Q_HLA,5X2Q_HLA,5X2O_HLA,5X2Q_HLA,Other
6AJ9_HLC,6AJ9_HLC,6AJ9_HLC,6AJ9_HLC,Other
6E1K_DCB,6E1K_FEA,6E1K_FEA,6E1K_FEA,Other
6E62_HLP,6E63_HLP,6E62_HLP,6E63_HLP,Other
6EJM_HB,6EJM_HB,6EJM_HB,6EK2_IB,Other
6FLA_HLI,6FLC_HLG,6FLA_HLI,2R69_HLA,Flavivirus envelope (E)
6FLB_HLG,6FLC_HLG,6FLA_HLI,2R69_HLA,Flavivirus envelope (E)
6FY1_HLG,3U4E_HLG,6FY1_HLG,3U4E_HLG,Other
6G8R_AB,6G8R_AB,6G8R_AB,6G8R_AB,Other
6GJU_CA,6GJU_CA,6GJU_CA,6ZE1_BA,Other
6GK4_BA,6GKD_KI,6GK4_BA,6ZE1_BA,Other
6GLW_HLA,6GLX_HLA,6GLW_HLA,6GLX_HLA,Other
6HGA_HLB,6HGA_HLB,6HGA_HLB,6HGA_HLB,Other
6HHC_HLA,6HHC_HLA,6HHC_HLA,6HHC_HLA,Serine protease
6HX4_HLB,6HX4_HLB,6HX4_HLB,6I3Z_HLA,Other
6HXW_HLA,6HXW_HLA,6HXW_HLA,6VCA_POD,Other
6IEB_HLA,6IEC_HLA,6IEB_HLA,6IEC_HLA,Other
6IW2_KLJ,6IVZ_HLA,6IW2_KLJ,6IW0_HLA,Flavivirus envelope (E)
6J11_HLA,6J11_HLA,6J11_HLA,6J11_HLA,Other
6KN9_EB,6KN9_FC,6KN9_EB,6KN9_FC,Other
6KNM_AB,6KNM_AB,6KNM_AB,6KNM_AB,Other
6KZ0_KLJ,6KZ0_KLJ,6KZ0_KLJ,6KZ0_KLJ,Other
6LGW_CF,6LGW_AE,6LGW_CF,6LGW_AE,Other
6LZ9_HLB,6LZ9_HLB,6LZ9_HLB,6LZ9_HLB,Serine protease
6MLK_HLA,6MLK_HLA,7M7B_HLA,6MLK_HLA,Other
6MLM_KLH,6II8_HLC,6MLM_KLH,6UIG_HLG,Influenza hemagglutinin
6MVL_HLA,6MVL_HLA,6MVL_HLA,6MVL_HLA,Other
6N5B_HLB,6N5B_HLB,6N5B_HLB,6N5B_HLB,Influenza hemagglutinin
6OQ6_DA,6OQ6_DA,6OQ6_DA,6OQ6_DA,Other
6OSH_HLK,6OSH_HLK,6OSH_HLK,6OSV_HLK,Other
6PLK_HLE,5VIG_HLZ,6PLK_HLE,5VIG_HLZ,Flavivirus envelope (E)
6QX4_CA,6QX4_DA,6QX4_CA,6QX4_HB,Other
6QX4_DA,6QX4_DA,6QX4_DA,6QX4_HB,Other
6QX4_HB,6QX4_DA,6QX4_DA,6QX4_HB,Other
6SNI_HLX,6SNI_HLX,6SNI_HLX,6SNI_HLX,Other
6TOU_AG,6TOU_AG,6TOU_AG,6TOU_AG,Other
6TYL_DA,6TYL_IF,6TYL_IF,6UKT_EA,Other
6UI1_BA,6UI1_CA,6UI1_BA,6UI1_DA,Other
6V4N_HLN,6V4O_HLN,6V4N_HLN,6V4O_HLN,Other
6VJA_HLC,6VJA_HLC,6VJA_HLC,6VJA_HLC,Other
6VLW_HLG,6VLW_HLG,6VLW_HLG,6VLW_HLG,HIV-1 env gp120
6VN1_HLA,6VN1_HLA,6VN1_HLA,6VN1_HLA,Other
6VRQ_HLA,6VRQ_HLA,6VRQ_HLA,6VRQ_HLA,TCR beta
6VVU_HLA,6VVU_HLA,6VVU_HLA,6VVU_HLA,Serine protease
6VY5_HLA,6VY5_HLA,6VY5_HLA,7TXZ_HLB,Other
6WIT_HLI,6WIT_HLI,6WIT_HLI,6WIT_HLI,Other
6WMW_HLB,6WMW_HLB,6WMW_HLB,6WMW_HLB,Other
6WO3_HLE,6WO3_HLE,6WO3_HLE,6MEH_HLC,Other
6WVZ_HLM,6WVZ_HLM,4LIQ_HLE,6I04_HLA,Other
6XQW_HLE,6XQW_HLE,6XQW_HLE,6XQW_HLE,Other
6Z06_HLA,6Z06_HLA,6Z06_HLA,7B09_HLA,Other
7A6O_BA,1OAK_HLA,7EOW_BA,1OAK_HLA,Other
7AMS_HLB,7AMS_HLB,7AMS_HLB,7AMS_HLB,TCR beta
7B5G_DC,7ZRA_FC,7B5G_BA,7ZRA_FC,Other
7BC6_BA,7BC7_BA,7BC7_BA,7BC7_BA,Other
7BQ5_HLA,7A3U_HLA,7BQ5_HLA,8EEE_HLE,Flavivirus envelope (E)
7BSC_HLA,7BSC_HLA,7BSD_HLI,7BSC_HLA,Other
7C4S_HLA,7C4S_HLA,7C4S_HLA,7C4S_HLA,Other
7CGW_HLP,7CGW_HLP,7CGW_HLP,7BXA_HLP,Other
7CN2_GgE,7CN2_JjB,7CN2_IiF,3J8W_IMB,Other
7CR5_HLA,7CR5_HLA,7NX6_HLE,7N3D_HLC,Other
7FCI_HLA,7ZYI_HLA,7FCI_HLA,7ZYI_HLA,Other
7JLK_HLB,7JLK_HLB,7JLK_HLB,3PNW_WVX,TCR beta
7JN5_HLF,7JN5_HLF,8CWJ_HLG,7JN5_HLF,Coronavirus spike
7K7I_PQD,7K7I_PQD,7K7I_PQD,7K7I_XYE,Other
7L5J_WLB,7L5J_WLB,7L5J_WLB,6XW4_DB,Other
7LKF_HLA,7LKF_HLA,7LKF_HLA,7LKH_HLA,Other
7LUE_HLA,7LUE_HLA,7LUE_HLA,7LUE_HLA,Other
7M8J_HLA,7E8F_HLA,7M8J_HLA,7N64_HLA,Coronavirus spike
7MGW_BCA,7MGW_BCA,7MGW_BCA,7MGW_BCA,Other
7MZK_HLA,7WVL_HLF,5IF0_HLG,8FXB_HLE,Coronavirus spike
7N0I_KE,7N0I_LG,7N0I_KE,7N0I_LG,Other
7N4I_HLC,7WVL_HLF,7JWG_HLC,8FXB_HLE,Coronavirus spike
7NKS_HLA,7NKS_HLA,7NKS_HLA,7NRH_HLA,Other
7NQK_BA,7NQK_BA,7NQK_BA,7NQK_BA,Other
7OR9_HLE,7WVL_HLF,4LIQ_HLE,8FXB_HLE,Coronavirus spike
7PA9_KLD,7PAA_OI,7PA9_KLD,7PAA_TD,Other
7QBG_GA,7QBG_EC,7QBG_GA,7QBG_EC,Other
7QUH_HLA,7QUH_HLA,7QUH_HLA,7QUH_HLA,Other
7RNN_CD,7RNN_CD,7RNN_CD,7RNN_CD,Other
7RXJ_HLI,7S0X_HLE,7RXJ_HLI,7S0X_HLE,Other
7SA6_HLA,7SA6_HLA,7SA6_HLA,7SA6_HLA,Other
7SGM_HLA,7SGM_HLA,6W9G_HLA,7SGM_HLA,Other
7STZ_HLC,7STZ_HLC,7STZ_HLC,7STZ_HLC,Other
7T87_HLA,7T87_HLA,7T87_HLA,7T87_HLA,Other
7TBF_HLA,7WVL_HLF,7TBF_HLA,8FXB_HLE,Coronavirus spike
7TTX_HLA,7WVL_HLF,7TTM_HLA,8FXB_HLE,Coronavirus spike
7UAR_HLB,7T5O_HLC,7UAR_HLB,8HHX_FGB,Coronavirus spike
7UPD_HLD,8DMJ_HLB,7UPD_HLD,7KI6_GFE,Other
7URE_HLA,7URA_HLA,7URA_HLA,7URE_HLA,Other
7URX_HLC,7URX_HLC,7URX_HLC,7URX_HLC,Other
7VYR_HLR,7WVL_HLF,7VYR_HLR,8FXB_HLE,Coronavirus spike
7WPH_HLB,7WVL_HLF,7WPH_HLB,8FXB_HLE,Coronavirus spike
7X2O_HLB,7X2I_HLB,7X2O_HLB,7X47_HLB,Other
7X2W_HLC,7X2W_HLC,7X2W_HLC,8GSF_HLC,Other
7X3D_HLB,7X2I_HLB,7X3E_HLB,7X47_HLB,Other
7X4I_HA,7WVL_HLF,7X4I_HA,8FXB_HLE,Coronavirus spike
7YCL_HLD,7WVL_HLF,7YCL_HLD,8FXB_HLE,Coronavirus spike
7YRU_HLA,7YRU_HLA,7YRU_HLA,7YRU_HLA,Other
7ZRA_FC,7ZRA_FC,6QX4_CA,7ZRA_FC,Other
8ATH_HLA,8ATH_HLA,8ATH_HLA,8ATH_HLA,Other
8CYH_HLM,8CYH_HLM,8CYH_HLM,7UED_HLM,Other
8CZ5_HLA,8CZ5_HLA,8CZ5_HLA,8CZ5_HLA,Other
8DT3_HLC,8DT3_HLC,8DT3_HLC,8FXB_HLE,Coronavirus spike
8DWO_HLB,8DWO_HLB,8DWO_HLB,6MWX_KLJ,Other
8E8Y_HL1,8E8S_HL1,8E8X_HL1,3J3P_HL1,Other
8EMZ_BA,8EMZ_BA,8EMZ_BA,5O02_CA,Other
8IDN_HLA,7WVL_HLF,8IDN_HLA,8FXB_HLE,Coronavirus spike
