target,variant_name,panel,n_mutations
7MZK_HLA,nat_G339D,natural_voc,1
7MZK_HLA,nat_R346T,natural_voc,1
7MZK_HLA,nat_R346K,natural_voc,1
7MZK_HLA,nat_R346S,natural_voc,1
7MZK_HLA,nat_K356T,natural_voc,1
7MZK_HLA,nat_S371L,natural_voc,1
7MZK_HLA,nat_S371F,natural_voc,1
7MZK_HLA,nat_S373P,natural_voc,1
7MZK_HLA,nat_S375F,natural_voc,1
7MZK_HLA,nat_T376A,natural_voc,1
7MZK_HLA,nat_D405N,natural_voc,1
7MZK_HLA,nat_R408S,natural_voc,1
7MZK_HLA,nat_K417N,natural_voc,1
7MZK_HLA,nat_K417T,natural_voc,1
7MZK_HLA,nat_N439K,natural_voc,1
7MZK_HLA,nat_N440K,natural_voc,1
7MZK_HLA,nat_K444T,natural_voc,1
7MZK_HLA,nat_G446S,natural_voc,1
7MZK_HLA,nat_Y449H,natural_voc,1
7MZK_HLA,nat_L452R,natural_voc,1
7MZK_HLA,nat_L452Q,natural_voc,1
7MZK_HLA,nat_L452M,natural_voc,1
7MZK_HLA,nat_N460K,natural_voc,1
7MZK_HLA,nat_S477N,natural_voc,1
7MZK_HLA,nat_T478K,natural_voc,1
7MZK_HLA,nat_E484K,natural_voc,1
7MZK_HLA,nat_E484A,natural_voc,1
7MZK_HLA,nat_E484Q,natural_voc,1
7MZK_HLA,nat_F486V,natural_voc,1
7MZK_HLA,nat_F486S,natural_voc,1
7MZK_HLA,nat_F486P,natural_voc,1
7MZK_HLA,nat_F490S,natural_voc,1
7MZK_HLA,nat_Q493R,natural_voc,1
7MZK_HLA,nat_Q493K,natural_voc,1
7MZK_HLA,nat_G496S,natural_voc,1
7MZK_HLA,nat_Q498R,natural_voc,1
7MZK_HLA,nat_N501Y,natural_voc,1
7MZK_HLA,nat_Y505H,natural_voc,1
7MZK_HLA,VOC_Alpha_B117_n1,natural_voc,1
7MZK_HLA,VOC_Beta_B1351_n3,natural_voc,3
7MZK_HLA,VOC_Gamma_P1_n3,natural_voc,3
7MZK_HLA,VOC_Delta_B16172_n2,natural_voc,2
7MZK_HLA,VOC_Omicron_BA1_n15,natural_voc,15
7MZK_HLA,VOC_Omicron_BA2_n16,natural_voc,16
7MZK_HLA,VOC_Omicron_BA45_n17,natural_voc,17
7MZK_HLA,VOI_XBB15_n22,natural_voc,22
7OR9_HLE,nat_G339D,natural_voc,1
7OR9_HLE,nat_R346T,natural_voc,1
7OR9_HLE,nat_R346K,natural_voc,1
7OR9_HLE,nat_R346S,natural_voc,1
7OR9_HLE,nat_K356T,natural_voc,1
7OR9_HLE,nat_S371L,natural_voc,1
7OR9_HLE,nat_S371F,natural_voc,1
7OR9_HLE,nat_S373P,natural_voc,1
7OR9_HLE,nat_S375F,natural_voc,1
7OR9_HLE,nat_T376A,natural_voc,1
7OR9_HLE,nat_D405N,natural_voc,1
7OR9_HLE,nat_R408S,natural_voc,1
7OR9_HLE,nat_K417N,natural_voc,1
7OR9_HLE,nat_K417T,natural_voc,1
7OR9_HLE,nat_N439K,natural_voc,1
7OR9_HLE,nat_N440K,natural_voc,1
7OR9_HLE,nat_K444T,natural_voc,1
7OR9_HLE,nat_G446S,natural_voc,1
7OR9_HLE,nat_Y449H,natural_voc,1
7OR9_HLE,nat_L452R,natural_voc,1
7OR9_HLE,nat_L452Q,natural_voc,1
7OR9_HLE,nat_L452M,natural_voc,1
7OR9_HLE,nat_N460K,natural_voc,1
7OR9_HLE,nat_S477N,natural_voc,1
7OR9_HLE,nat_T478K,natural_voc,1
7OR9_HLE,nat_E484K,natural_voc,1
7OR9_HLE,nat_E484A,natural_voc,1
7OR9_HLE,nat_E484Q,natural_voc,1
7OR9_HLE,nat_F486V,natural_voc,1
7OR9_HLE,nat_F486S,natural_voc,1
7OR9_HLE,nat_F486P,natural_voc,1
7OR9_HLE,nat_F490S,natural_voc,1
7OR9_HLE,nat_Q493R,natural_voc,1
7OR9_HLE,nat_Q493K,natural_voc,1
7OR9_HLE,nat_G496S,natural_voc,1
7OR9_HLE,nat_Q498R,natural_voc,1
7OR9_HLE,nat_N501Y,natural_voc,1
7OR9_HLE,nat_Y505H,natural_voc,1
7OR9_HLE,VOC_Alpha_B117_n1,natural_voc,1
7OR9_HLE,VOC_Beta_B1351_n3,natural_voc,3
7OR9_HLE,VOC_Gamma_P1_n3,natural_voc,3
7OR9_HLE,VOC_Delta_B16172_n2,natural_voc,2
7OR9_HLE,VOC_Omicron_BA1_n15,natural_voc,15
7OR9_HLE,VOC_Omicron_BA2_n16,natural_voc,16
7OR9_HLE,VOC_Omicron_BA45_n17,natural_voc,17
7OR9_HLE,VOI_XBB15_n22,natural_voc,22
7TBF_HLA,nat_G339D,natural_voc,1
7TBF_HLA,nat_R346T,natural_voc,1
7TBF_HLA,nat_R346K,natural_voc,1
7TBF_HLA,nat_R346S,natural_voc,1
7TBF_HLA,nat_K356T,natural_voc,1
7TBF_HLA,nat_S371L,natural_voc,1
7TBF_HLA,nat_S371F,natural_voc,1
7TBF_HLA,nat_S373P,natural_voc,1
7TBF_HLA,nat_S375F,natural_voc,1
7TBF_HLA,nat_T376A,natural_voc,1
7TBF_HLA,nat_D405N,natural_voc,1
7TBF_HLA,nat_R408S,natural_voc,1
7TBF_HLA,nat_K417N,natural_voc,1
7TBF_HLA,nat_K417T,natural_voc,1
7TBF_HLA,nat_N439K,natural_voc,1
7TBF_HLA,nat_N440K,natural_voc,1
7TBF_HLA,nat_K444T,natural_voc,1
7TBF_HLA,nat_G446S,natural_voc,1
7TBF_HLA,nat_Y449H,natural_voc,1
7TBF_HLA,nat_L452R,natural_voc,1
7TBF_HLA,nat_L452Q,natural_voc,1
7TBF_HLA,nat_L452M,natural_voc,1
7TBF_HLA,nat_N460K,natural_voc,1
7TBF_HLA,nat_S477N,natural_voc,1
7TBF_HLA,nat_T478K,natural_voc,1
7TBF_HLA,nat_E484K,natural_voc,1
7TBF_HLA,nat_E484A,natural_voc,1
7TBF_HLA,nat_E484Q,natural_voc,1
7TBF_HLA,nat_F486V,natural_voc,1
7TBF_HLA,nat_F486S,natural_voc,1
7TBF_HLA,nat_F486P,natural_voc,1
7TBF_HLA,nat_F490S,natural_voc,1
7TBF_HLA,nat_Q493R,natural_voc,1
7TBF_HLA,nat_Q493K,natural_voc,1
7TBF_HLA,nat_G496S,natural_voc,1
7TBF_HLA,nat_Q498R,natural_voc,1
7TBF_HLA,nat_N501Y,natural_voc,1
7TBF_HLA,nat_Y505H,natural_voc,1
7TBF_HLA,VOC_Alpha_B117_n1,natural_voc,1
7TBF_HLA,VOC_Beta_B1351_n3,natural_voc,3
7TBF_HLA,VOC_Gamma_P1_n3,natural_voc,3
7TBF_HLA,VOC_Delta_B16172_n2,natural_voc,2
7TBF_HLA,VOC_Omicron_BA1_n15,natural_voc,15
7TBF_HLA,VOC_Omicron_BA2_n16,natural_voc,16
7TBF_HLA,VOC_Omicron_BA45_n17,natural_voc,17
7TBF_HLA,VOI_XBB15_n22,natural_voc,22
7VYR_HLR,nat_G339D,natural_voc,1
7VYR_HLR,nat_R346T,natural_voc,1
7VYR_HLR,nat_R346K,natural_voc,1
7VYR_HLR,nat_R346S,natural_voc,1
7VYR_HLR,nat_K356T,natural_voc,1
7VYR_HLR,nat_S371L,natural_voc,1
7VYR_HLR,nat_S371F,natural_voc,1
7VYR_HLR,nat_S373P,natural_voc,1
7VYR_HLR,nat_S375F,natural_voc,1
7VYR_HLR,nat_T376A,natural_voc,1
7VYR_HLR,nat_D405N,natural_voc,1
7VYR_HLR,nat_R408S,natural_voc,1
7VYR_HLR,nat_K417N,natural_voc,1
7VYR_HLR,nat_K417T,natural_voc,1
7VYR_HLR,nat_N439K,natural_voc,1
7VYR_HLR,nat_N440K,natural_voc,1
7VYR_HLR,nat_K444T,natural_voc,1
7VYR_HLR,nat_G446S,natural_voc,1
7VYR_HLR,nat_Y449H,natural_voc,1
7VYR_HLR,nat_L452R,natural_voc,1
7VYR_HLR,nat_L452Q,natural_voc,1
7VYR_HLR,nat_L452M,natural_voc,1
7VYR_HLR,nat_N460K,natural_voc,1
7VYR_HLR,nat_S477N,natural_voc,1
7VYR_HLR,nat_T478K,natural_voc,1
7VYR_HLR,nat_E484K,natural_voc,1
7VYR_HLR,nat_E484A,natural_voc,1
7VYR_HLR,nat_E484Q,natural_voc,1
7VYR_HLR,nat_F486V,natural_voc,1
7VYR_HLR,nat_F486S,natural_voc,1
7VYR_HLR,nat_F486P,natural_voc,1
7VYR_HLR,nat_F490S,natural_voc,1
7VYR_HLR,nat_Q493R,natural_voc,1
7VYR_HLR,nat_Q493K,natural_voc,1
7VYR_HLR,nat_G496S,natural_voc,1
7VYR_HLR,nat_Q498R,natural_voc,1
7VYR_HLR,nat_N501Y,natural_voc,1
7VYR_HLR,nat_Y505H,natural_voc,1
7VYR_HLR,VOC_Alpha_B117_n1,natural_voc,1
7VYR_HLR,VOC_Beta_B1351_n3,natural_voc,3
7VYR_HLR,VOC_Gamma_P1_n3,natural_voc,3
7VYR_HLR,VOC_Delta_B16172_n2,natural_voc,2
7VYR_HLR,VOC_Omicron_BA1_n15,natural_voc,15
7VYR_HLR,VOC_Omicron_BA2_n16,natural_voc,16
7VYR_HLR,VOC_Omicron_BA45_n17,natural_voc,17
7VYR_HLR,VOI_XBB15_n22,natural_voc,22
7WPH_HLB,nat_G339D,natural_voc,1
7WPH_HLB,nat_R346T,natural_voc,1
7WPH_HLB,nat_R346K,natural_voc,1
7WPH_HLB,nat_R346S,natural_voc,1
7WPH_HLB,nat_K356T,natural_voc,1
7WPH_HLB,nat_S371L,natural_voc,1
7WPH_HLB,nat_S371F,natural_voc,1
7WPH_HLB,nat_S373P,natural_voc,1
7WPH_HLB,nat_S375F,natural_voc,1
7WPH_HLB,nat_T376A,natural_voc,1
7WPH_HLB,nat_D405N,natural_voc,1
7WPH_HLB,nat_R408S,natural_voc,1
7WPH_HLB,nat_K417N,natural_voc,1
7WPH_HLB,nat_K417T,natural_voc,1
7WPH_HLB,nat_N439K,natural_voc,1
7WPH_HLB,nat_N440K,natural_voc,1
7WPH_HLB,nat_K444T,natural_voc,1
7WPH_HLB,nat_G446S,natural_voc,1
7WPH_HLB,nat_Y449H,natural_voc,1
7WPH_HLB,nat_L452R,natural_voc,1
7WPH_HLB,nat_L452Q,natural_voc,1
7WPH_HLB,nat_L452M,natural_voc,1
7WPH_HLB,nat_N460K,natural_voc,1
7WPH_HLB,nat_S477N,natural_voc,1
7WPH_HLB,nat_T478K,natural_voc,1
7WPH_HLB,nat_E484K,natural_voc,1
7WPH_HLB,nat_E484A,natural_voc,1
7WPH_HLB,nat_E484Q,natural_voc,1
7WPH_HLB,nat_F486V,natural_voc,1
7WPH_HLB,nat_F486S,natural_voc,1
7WPH_HLB,nat_F486P,natural_voc,1
7WPH_HLB,nat_F490S,natural_voc,1
7WPH_HLB,nat_Q493R,natural_voc,1
7WPH_HLB,nat_Q493K,natural_voc,1
7WPH_HLB,nat_G496S,natural_voc,1
7WPH_HLB,nat_Q498R,natural_voc,1
7WPH_HLB,nat_N501Y,natural_voc,1
7WPH_HLB,nat_Y505H,natural_voc,1
7WPH_HLB,VOC_Alpha_B117_n1,natural_voc,1
7WPH_HLB,VOC_Beta_B1351_n3,natural_voc,3
7WPH_HLB,VOC_Gamma_P1_n3,natural_voc,3
7WPH_HLB,VOC_Delta_B16172_n2,natural_voc,2
7WPH_HLB,VOC_Omicron_BA1_n15,natural_voc,15
7WPH_HLB,VOC_Omicron_BA2_n16,natural_voc,16
7WPH_HLB,VOC_Omicron_BA45_n17,natural_voc,17
7WPH_HLB,VOI_XBB15_n22,natural_voc,22
7YCL_HLD,nat_G339D,natural_voc,1
7YCL_HLD,nat_R346T,natural_voc,1
7YCL_HLD,nat_R346K,natural_voc,1
7YCL_HLD,nat_R346S,natural_voc,1
7YCL_HLD,nat_K356T,natural_voc,1
7YCL_HLD,nat_S371L,natural_voc,1
7YCL_HLD,nat_S371F,natural_voc,1
7YCL_HLD,nat_S373P,natural_voc,1
7YCL_HLD,nat_S375F,natural_voc,1
7YCL_HLD,nat_T376A,natural_voc,1
7YCL_HLD,nat_D405N,natural_voc,1
7YCL_HLD,nat_R408S,natural_voc,1
7YCL_HLD,nat_K417N,natural_voc,1
7YCL_HLD,nat_K417T,natural_voc,1
7YCL_HLD,nat_N439K,natural_voc,1
7YCL_HLD,nat_N440K,natural_voc,1
7YCL_HLD,nat_K444T,natural_voc,1
7YCL_HLD,nat_G446S,natural_voc,1
7YCL_HLD,nat_Y449H,natural_voc,1
7YCL_HLD,nat_L452R,natural_voc,1
7YCL_HLD,nat_L452Q,natural_voc,1
7YCL_HLD,nat_L452M,natural_voc,1
7YCL_HLD,nat_N460K,natural_voc,1
7YCL_HLD,nat_S477N,natural_voc,1
7YCL_HLD,nat_T478K,natural_voc,1
7YCL_HLD,nat_E484K,natural_voc,1
7YCL_HLD,nat_E484A,natural_voc,1
7YCL_HLD,nat_E484Q,natural_voc,1
7YCL_HLD,nat_F486V,natural_voc,1
7YCL_HLD,nat_F486S,natural_voc,1
7YCL_HLD,nat_F486P,natural_voc,1
7YCL_HLD,nat_F490S,natural_voc,1
7YCL_HLD,nat_Q493R,natural_voc,1
7YCL_HLD,nat_Q493K,natural_voc,1
7YCL_HLD,nat_G496S,natural_voc,1
7YCL_HLD,nat_Q498R,natural_voc,1
7YCL_HLD,nat_N501Y,natural_voc,1
7YCL_HLD,nat_Y505H,natural_voc,1
7YCL_HLD,VOC_Alpha_B117_n1,natural_voc,1
7YCL_HLD,VOC_Beta_B1351_n3,natural_voc,3
7YCL_HLD,VOC_Gamma_P1_n3,natural_voc,3
7YCL_HLD,VOC_Delta_B16172_n2,natural_voc,2
7YCL_HLD,VOC_Omicron_BA1_n15,natural_voc,15
7YCL_HLD,VOC_Omicron_BA2_n16,natural_voc,16
7YCL_HLD,VOC_Omicron_BA45_n17,natural_voc,17
7YCL_HLD,VOI_XBB15_n22,natural_voc,22
8IDN_HLA,nat_G339D,natural_voc,1
8IDN_HLA,nat_R346T,natural_voc,1
8IDN_HLA,nat_R346K,natural_voc,1
8IDN_HLA,nat_R346S,natural_voc,1
8IDN_HLA,nat_K356T,natural_voc,1
8IDN_HLA,nat_S371L,natural_voc,1
8IDN_HLA,nat_S371F,natural_voc,1
8IDN_HLA,nat_S373P,natural_voc,1
8IDN_HLA,nat_S375F,natural_voc,1
8IDN_HLA,nat_T376A,natural_voc,1
8IDN_HLA,nat_D405N,natural_voc,1
8IDN_HLA,nat_R408S,natural_voc,1
8IDN_HLA,nat_K417N,natural_voc,1
8IDN_HLA,nat_K417T,natural_voc,1
8IDN_HLA,nat_N439K,natural_voc,1
8IDN_HLA,nat_N440K,natural_voc,1
8IDN_HLA,nat_K444T,natural_voc,1
8IDN_HLA,nat_G446S,natural_voc,1
8IDN_HLA,nat_Y449H,natural_voc,1
8IDN_HLA,nat_L452R,natural_voc,1
8IDN_HLA,nat_L452Q,natural_voc,1
8IDN_HLA,nat_L452M,natural_voc,1
8IDN_HLA,nat_N460K,natural_voc,1
8IDN_HLA,nat_S477N,natural_voc,1
8IDN_HLA,nat_T478K,natural_voc,1
8IDN_HLA,nat_E484K,natural_voc,1
8IDN_HLA,nat_E484A,natural_voc,1
8IDN_HLA,nat_E484Q,natural_voc,1
8IDN_HLA,nat_F486V,natural_voc,1
8IDN_HLA,nat_F486S,natural_voc,1
8IDN_HLA,nat_F486P,natural_voc,1
8IDN_HLA,nat_F490S,natural_voc,1
8IDN_HLA,nat_Q493R,natural_voc,1
8IDN_HLA,nat_Q493K,natural_voc,1
8IDN_HLA,nat_G496S,natural_voc,1
8IDN_HLA,nat_Q498R,natural_voc,1
8IDN_HLA,nat_N501Y,natural_voc,1
8IDN_HLA,nat_Y505H,natural_voc,1
8IDN_HLA,VOC_Alpha_B117_n1,natural_voc,1
8IDN_HLA,VOC_Beta_B1351_n3,natural_voc,3
8IDN_HLA,VOC_Gamma_P1_n3,natural_voc,3
8IDN_HLA,VOC_Delta_B16172_n2,natural_voc,2
8IDN_HLA,VOC_Omicron_BA1_n15,natural_voc,15
8IDN_HLA,VOC_Omicron_BA2_n16,natural_voc,16
8IDN_HLA,VOC_Omicron_BA45_n17,natural_voc,17
8IDN_HLA,VOI_XBB15_n22,natural_voc,22
