target,pdb_id,antibody_chains,antigen_chains,cdr_h3_resnums,native_cdr_h3,ag_cluster,vh_cluster,protein_family,n_library_variants,n_steer,n_eval,antigen_len,in_old_51
1EGJ_HLA,1EGJ,HL,A,93|94|95|96|96|97|98|None|100|100|100|101|102,SRGDGIHYGGFAY,1EGJ_HLA,1EGJ_HLA,Other,17533,6,24,101,0
1FDL_HLY,1FDL,HL,Y,96|97|98|99|100|101|102|103|104|105,ARERDYRLDY,4TTD_HLA,1FDL_HLY,Lysozyme,4360,6,24,129,0
1FE8_HLA,1FE8,HL,A,96|97|98|99|100|101|102|103|104,AGNYYGMDY,1FE8_HLA,1FE8_HLA,Other,5572,6,24,190,0
1IC7_HLY,1IC7,HL,Y,96|97|98|99|100|101|102,ANWAGDY,4TTD_HLA,2DQD_HLY,Lysozyme,2061,6,24,129,1
1KB5_HLA,1KB5,HL,A,93|94|95|96|97|98|99|100|100|100|101|102,ARSRTDLYYFDY,1KB5_HLA,1KB5_HLB,TCR beta,7975,6,24,120,0
1KB5_HLB,1KB5,HL,B,93|94|95|96|97|98|99|100|100|100|101|102,ARSRTDLYYFDY,1KB5_HLB,1KB5_HLB,Other,6379,6,24,119,1
1KEN_HLA,1KEN,HL,A,97|98|99|100|101|102|103|104|105|106|107|108|109,AAFYYDYDFFFDY,6D0U_KLJ,1KEN_HLA,Influenza hemagglutinin,3126,6,24,320,0
1KXT_DC,1KXT,D,C,100|100|100|101|102,YGPNY,1KXT_FE,1KXT_FE,Other,103,6,24,496,1
1KXT_FE,1KXT,F,E,100|100|100|101|102,YGPNY,1KXT_FE,1KXT_FE,Other,174,6,24,496,1
1NMB_HLN,1NMB,HL,N,93|94|95|96|97|98|99|100|100|100|100|100|100|101|102,ARSGGSYRYDGGFDY,1NMA_HLN,1A14_HLN,Other,13675,6,24,390,0
1OSP_HLO,1OSP,HL,O,96|97|98|99|100|101|102|103|104|105|106|107|108|109,ARSRDYYGSSGFAF,7JWG_HLC,1OSP_HLO,Other,6231,6,24,251,0
1RJC_AB,1RJC,A,B,109|110|111|112|113|114|115|116|117,GTNPNYFSY,4TTD_HLA,1RJC_AB,Lysozyme,53,6,24,129,1
1Z3G_HLA,1Z3G,HL,A,97|98|99|100|101|102|103|104,ARGWDVAY,1Z3G_HLA,1Z3G_HLA,Other,10656,6,24,173,0
1ZA3_HLR,1ZA3,HL,R,93|94|95|96|97|98|99|100|100|100|100|100|100|100|100|100|100|100|100|100|101|102,SRYSSYYSYYYSSSSYSYAMDY,1ZA3_HLR,6SNI_HLX,Other,11690,6,24,103,0
1ZVH_AL,1ZVH,A,L,97|98|99|100|101|102|103|104|105|106|107|108|109|110|111|112|113|114,AAARQGWYIPLNSYGYNY,4TTD_HLA,1ZVH_AL,Lysozyme,238,6,24,129,1
2B2X_HLA,2B2X,HL,A,96|97|98|99|100|101|102|103|104|105|106|107,TRGFGDGGYFDV,2B2X_HLA,2B2X_HLA,Other,10514,6,24,191,0
2BDN_HLA,2BDN,HL,A,97|98|99|100|101|102|103|104|105|106,ARGVFGFFDY,2BDN_HLA,2BDN_HLA,Other,19274,6,24,68,0
2FEE_ILB,2FEE,IL,B,97|98|99|100|101|102|103|104|105|106|107|108|109|110,ARLYYGYGYWYFDV,2FEE_ILB,7L5J_WLB,Other,4051,6,24,441,0
2W9E_HLA,2W9E,HL,A,97|98|99|100|101|102|103|104|105,ALYYYDVSY,4DGI_HLA,2W9E_HLA,Other,29502,6,24,99,0
2WUB_HLA,2WUB,HL,A,93|94|95|None|97|98|99|100|100|101|102,AKWYAWPFADY,2WUB_HLA,4ZFG_HLA,Other,21720,6,24,241,0
3B9K_HLB,3B9K,HL,B,93|94|95|96|97|98|99|100|100|101|102,TSNRESYYFDY,3B9K_HLB,3B9K_HLB,Other,8419,6,24,117,0
3EOA_HLI,3EOA,HL,I,97|98|99|100|101|102|103|104|105|106|107|108|109|110,ARGIYFYGTTYFDY,3EOA_HLI,3EOA_HLI,Other,4617,6,24,179,0
3H3B_CA,3H3B,C,A,231|232|233|234|235|236|237|238|239|240|241|242|243,VRSGNYEEYAMDY,3H3B_CA,3H3B_CA,Other,22354,6,24,193,0
3KS0_HLB,3KS0,HL,B,96|97|98|99|100|101|102|103|104|105|106,ARLFGSYYFDY,3KS0_HLB,3KS0_HLB,Other,9117,6,24,92,0
3L5W_HLI,3L5W,HL,I,98|99|100|101|102|103|104|105|106|107|108|109|110,ARMGSDYDVWFDY,7REW_HLI,3L5X_HLA,Other,1325,6,24,104,1
3L5X_HLA,3L5X,HL,A,98|99|100|101|102|103|104|105|106|107|108|109|110,ARMGSDYDVWFDY,7REW_HLI,3L5X_HLA,Other,2390,6,24,105,1
3NFP_HLI,3NFP,HL,I,97|98|99|100|101|102|103|104|105,ARGGGVFDY,3NFP_HLI,3NFP_HLI,Other,22937,6,24,164,0
3NH7_HLA,3NH7,HL,A,97|98|99|100|101|102|103|104|105|106|107|108|109,ARERWHVRGYFDH,3NH7_HLA,3NH7_HLA,Other,40747,6,24,85,0
3NIG_HLA,3NIG,HL,A,97|98|99|100|101|102|103|104|105|106|107|108,VRPLYDYYAMDY,3NIG_HLA,2BDN_HLA,Other,31141,6,24,457,0
3OGO_FC,3OGO,F,C,98|99|100|101|102|103|104|105,NVNVGFEY,3OGO_GB,3OGO_FC,Other,298,6,24,230,1
3OGO_GB,3OGO,G,B,98|99|100|101|102|103|104|105,NVNVGFEY,3OGO_GB,3OGO_FC,Other,41,6,24,227,1
3P0Y_HLA,3P0Y,HL,A,93|94|95|96|97|98|99|100|100|100|100|100|101|102,ARESRVSFEAAMDY,5SX4_HLN,4ZFG_HLA,Other,6607,6,24,194,0
3QUM_HLP,3QUM,HL,P,93|94|95|96|97|98|99|100|100|101|102,ARDGYRYYFDY,3QUM_HLP,3QUM_HLP,Serine protease,5357,6,24,245,0
3R1G_HLB,3R1G,HL,B,93|94|95|96|97|98|99|100|100|100|None|None|103|104,ARGPFSPWVMYYDY,3R1G_HLB,4ZFG_HLA,Other,3403,6,24,392,0
3S36_HLX,3S36,HL,X,97|98|99|100|101|102|103|104|105,ARVTDAFDI,3S37_HLX,3S37_HLX,Other,13783,6,24,112,0
3S88_HLI,3S88,HL,I,97|98|99|100|101|102|103|104|105|106|107|108,ARQLYGNSFFDY,3S88_HLI,3S88_HLI,Other,10821,6,24,280,0
3SDY_HLB,3SDY,HL,B,93|94|95|96|97|98|99|100|100|100|100|100|100|101|102,AREPPLFYSSWSLDN,4UBD_KLJ,3SDY_HLB,Other,2633,6,24,172,0
3SKJ_HLE,3SKJ,HL,E,93|94|95|96|97|98|99|100|100|100|100|100|100|100|100|100|100|100|100|101|102,AGYDSGYDYVAVAGPAEYFQH,3SKJ_HLE,3SKJ_HLE,Other,11407,6,24,176,0
3T2N_HLA,3T2N,HL,A,93|94|95|96|None|None|None|None|101|102,ARGFYYYYAY,3T2N_HLA,3T2N_HLA,Other,6650,6,24,370,0
3UAJ_HLA,3UAJ,HL,A,96|97|98|99|100|101|102|103|104|105|106|107|108|109|110|111|112,ARQGTGTTGVSEDSFDL,3UAJ_HLA,3UAJ_HLA,Flavivirus envelope (E),10618,6,24,395,0
3VI3_HLD,3VI3,HL,D,97|98|99|100|101|102|103|104|105|106|107,SRALALYAMDY,3VI3_HLD,3VI3_HLD,Other,1571,6,24,441,1
3WLW_HLB,3WLW,HL,B,97|98|99|100|101|102|103|104|105|106,AREGDGAFDY,3WLW_HLB,7UL0_HLA,Other,4972,6,24,564,0
4AEI_HLA,4AEI,HL,A,97|98|99|100|101|102|103|104|105|106|107|108|109,SRPDDYSYDGFAY,4AEI_HLA,4AEI_HLA,Other,14110,6,24,64,0
4AL8_HLC,4AL8,HL,C,97|98|99|100|101|102|103|104|105|106,TRGGSHAMDY,5VIC_HLE,4AL8_HLC,Flavivirus envelope (E),11567,6,24,98,1
4BZ1_HLA,4BZ1,HL,A,97|98|99|100|101|102|103|104|105|106,SRGSKGAMDY,5AAW_FG,4BZ1_HLA,Flavivirus envelope (E),13945,6,24,96,1
4CDG_CA,4CDG,C,A,118|119|120|121|122|123|124|125|126|127|128|129|130,NLVADYDMGFQSF,4CDG_CA,4CDG_CA,Other,7570,6,24,652,0
4CNI_HLC,4CNI,HL,C,99|100|101|102|103|104|105|106|107|108|109,ARESYYGFTSY,4O9H_HLA,4CNI_HLC,Other,23413,6,24,171,0
4FFW_HLA,4FFW,HL,A,97|98|99|100|101|102|103|104|105|106,TRFRDVFFDV,4FFW_HLA,4FFW_HLA,Other,33598,6,24,727,0
4G6J_HLA,4G6J,HL,A,97|98|99|100|101|102|103|104|105|106|107,ARDLRTGPFDY,4G6J_HLA,8CWK_HLC,Other,34409,6,24,149,0
4HT1_HLT,4HT1,HL,T,97|98|99|100|101|102|103|104|105|106|107|108|109,AKGGYNYDDAFVI,4HT1_HLT,4HT1_HLT,Other,4240,6,24,145,0
4I3S_HLG,4I3S,HL,G,93|94|95|96|97|98|99|100|100|100|100|100|100|100|101|102,ARQKFYTGGQGWYFDL,4I3S_HLG,3SE9_HLG,HIV-1 env gp120,6234,6,24,227,0
4I77_HLZ,4I77,HL,Z,93|94|95|96|97|98|99|100|100|100|101|102,AGDGYYPYAMDN,7REW_HLI,4I77_HLZ,Other,21627,6,24,101,0
4IDJ_HLA,4IDJ,HL,A,93|94|95|96|97|98|99|100|100|100|100|100|100|100|100|100|101|102,AREMEVSGRWRPTEAFEI,4U6V_HLA,4IDJ_HLA,Other,14315,6,24,287,0
4IRZ_HLA,4IRZ,HL,A,97|98|99|100|101|102|103|104|105|106|107|108|109|110|111|112,AREGYYGNYGVYAMDY,4IRZ_HLA,4IRZ_HLA,Other,17947,6,24,592,0
4JPV_HLG,4JPV,HL,G,93|94|95|96|97|98|99|100|100|100|101|102,ARQRSDYWDFDV,4DVR_HLG,4LSV_HLG,HIV-1 env gp120,7400,6,24,449,0
4K2U_HLA,4K2U,HL,A,93|94|95|96|97|98|99|100|100|100|100|100|101|102,ARHYDGYFLYYFEY,4K2U_HLA,4K2U_HLA,Other,11980,6,24,272,0
4L5F_HLE,4L5F,HL,E,93|94|95|96|97|98|99|100|101|102,TKRINWALDY,5VIC_HLE,4L5F_HLE,Flavivirus envelope (E),1060,6,24,98,1
4LMQ_HLD,4LMQ,HL,D,93|94|95|96|97|98|99|100|100|100|100|100|101|102,ARDQGLNYGSLFDY,4LMQ_HLD,4LMQ_HLD,Other,6859,6,24,58,0
4NZT_HLM,4NZT,HL,M,93|94|95|96|97|98|99|100|100|100|100|100|101|102,ARHGNYYYYSGMDV,4NZT_HLM,4FQI_HLA,Other,63467,6,24,375,0
4OCL_FE,4OCL,F,E,98|99|100|101|102|103|104|105|106|107|108|109|110|111|112,AGGTYYGTLSYKYDF,4OCL_FE,4OCN_FE,Other,4372,6,24,195,0
4OII_HLA,4OII,HL,A,93|94|95|96|97|98|99|100|101|102,TIDDGYRFGY,4OII_HLA,4OII_HLA,Other,18190,6,24,177,0
4UT9_HLA,4UT9,HL,A,93|94|95|96|97|98|99|100|100|100|100|100|100|100|100|100|100|100|100|101|102,ARDKVDDYGDYWFPTLWYFDY,4UT9_HLA,4UT9_HLA,Flavivirus envelope (E),17000,6,24,1200,0
4UTA_HLB,4UTA,HL,B,97|98|99|100|101|102|103|104|105|106|107|108|109|110|111,VGGYSNFYYYYTMDV,4UTA_HLB,4UTA_HLB,Flavivirus envelope (E),11806,6,24,398,0
4YBL_HLG,4YBL,HL,G,93|94|95|96|97|98|99|100|100|100|100|100|100|101|102,ARGTRLRTLRNAFDI,4YBL_HLG,4YC2_HLG,Other,3809,6,24,442,0
4YGA_DC,4YGA,D,C,105|106|107|108|109|110|111|112|113,SAYVFLYEH,4YGA_FE,4YGA_FE,Other,7867,6,24,461,0
4ZPT_HLS,4ZPT,HL,S,93|94|95|96|97|98|99|None|101|102,VRDGNSMYDY,4ZS6_HLA,4ZPT_HLS,Other,11097,6,24,208,0
5ANM_HLE,5ANM,HL,E,97|98|99|100|101|None|None|None|None|106|107|108|109|110,ATVMGYYYYGGYDY,7SHY_KLH,5ANM_HLE,Other,16378,6,24,208,0
5CZX_HLA,5CZX,HL,A,97|98|99|100|101|102|103|104|105|106|107|108,ARDDYSTYAFAY,5CZV_HLA,5CZX_HLA,Other,29471,6,24,247,0
5DUM_HLA,5DUM,HL,A,97|98|99|100|101|102|103|104|105|106|107|108|109|110|111|112|113|114|115|116,AYHRRGHFYGSGSAWDWFES,6IUT_HLA,5DUM_HLA,Influenza hemagglutinin,247,6,24,208,1
5DUR_HLC,5DUR,HL,C,98|99|100|101|102|103|104|105|106|107|108|109|110,ARALLTTVTTFEY,6IUT_HLA,5DUR_HLC,Influenza hemagglutinin,12114,6,24,218,0
5E0Q_AB,5E0Q,A,B,99|100|101|102|103|104|105|106|107|108|109|110|111|112|113|114|115|116|117,AASNRGSLYTLDNQNRYED,5E0Q_AB,5E0Q_AB,Other,22533,6,24,152,0
5GGT_HLA,5GGT,HL,A,97|98|99|100|101|102|103|104|105|106|107|108|109|110|111|112,ARKFHFVSGSPFGMDV,5GGT_HLA,5GGT_HLA,Other,7403,6,24,116,0
5GJS_HLB,5GJS,HL,B,96|97|98|99|100|101|102|103|104|105|106|107|108|109|110,AREEHITFGGVIVRY,5GJS_HLB,5GJS_HLB,Other,59,6,24,168,1
5GZN_HLA,5GZN,HL,A,97|98|99|100|101|102|103|104|105|106|107|108|109|110|111|112|113|114|115|116,ARDHLGWSSIWSAPESFLDY,7A3U_HLA,7NX6_HLE,Flavivirus envelope (E),23951,6,24,407,1
5HGG_SB,5HGG,S,B,105|106|107|108|109|110|111|112|113|114|115|116,TSESGRRRYLEV,5HGG_SB,5HGG_SB,Serine protease,12461,6,24,247,0
5JHL_HLA,5JHL,HL,A,102|103|104|105|106|107|108|109|110|111,GRRDYYALDY,7A3U_HLA,5JHL_HLA,Flavivirus envelope (E),2609,6,24,403,1
5JYL_BA,5JYL,B,A,97|98|99|100|101|102|103|104|105|106|107|108,ARRGYYDGGFDY,5JYL_DC,5JYL_DC,Other,10508,6,24,97,0
5JZ7_HLB,5JZ7,HL,B,93|94|95|96|97|98|99|100|100|100|100|100|100|100|100|100|100|100|100|101|102,ARSSRIYDLNPSLTAYYDMDV,4EDX_HLV,5JZ7_HLB,Other,9900,6,24,110,0
5KZC_HLA,5KZC,HL,A,99|100|100|100|100|100|101|102,DYNWDFEH,6D2P_HLC,6VLW_HLG,HIV-1 env gp120,25520,6,24,170,0
5LJY_HLA,5LJY,HL,A,93|94|95|96|None|None|None|None|101|102,ARQMYYYYRQ,5LJY_HLA,5LJY_HLA,Other,27767,6,24,400,0
5M2M_NM,5M2M,N,M,102|103|104|105|106|107|108|109|110|111|112|113|114|115|116|117|118,AARDGIPTSRSVESYNY,4G3Y_HLC,5M2M_NM,Other,25233,6,24,151,0
5MEV_HLA,5MEV,HL,A,97|98|99|100|101|102|103|104|105|106|107|108,ARQVGATWAFDI,6QFC_BA,6QB6_HLA,Other,11300,6,24,151,0
5MVZ_HLU,5MVZ,HL,U,97|98|99|100|101|102|103|104|105|106|107,ARFVSLDAFDI,4G6J_HLA,7Z4T_HLI,Other,15738,6,24,150,1
5MZV_DA,5MZV,D,A,97|98|99|100|101|102|103|104|105|106|107|108|109|110|111|112,GETSLFPTSRGSHYDT,5MZV_DA,5MZV_DA,Other,24057,6,24,305,0
5O14_HLA,5O14,HL,A,97|98|99|100|101|102|103|104|105|106|107|108|109|110|111,ARLSQVSGWSPWVGP,7SBZ_HLC,5O14_HLA,Other,5934,6,24,242,0
5T1D_HLB,5T1D,HL,B,97|98|99|100|101|102|103|104,AEGYAMDF,5T1D_HLB,5T1D_HLB,Other,33433,6,24,109,0
5T5N_MLC,5T5N,ML,C,92|93|94|95|96|97|98|99|100,AREVYYFDY,5T5N_MLC,5T5N_MLC,Other,2776,6,24,366,0
5UGY_HLA,5UGY,HL,A,97|98|99|100|101|102|103|104|105|106|107|108|109|110|111|112|113|114|115,ARGGLEPRSVDYYYYGMDV,7SCN_HLA,5UGY_HLA,Influenza hemagglutinin,291,6,24,323,1
5UK4_bB,5UK4,b,B,97|98|99|100|101|102|103|104|105|106|107|108|109|110|111|112|113|114,AATKAYNGGETSGRGFYY,5UK4_mM,5UK4_mM,Other,31961,6,24,421,0
5VIC_HLE,5VIC,HL,E,93|94|95|96|97|98|99|100|100|100|100|100|100|101|102,AKDRGPRGVGELFDS,5VIC_HLE,5VIC_HLE,Flavivirus envelope (E),2021,6,24,95,1
5VIG_HLZ,5VIG,HL,Z,93|94|95|96|97|98|99|100|100|100|100|101|102,VRDRSNGWSSINL,5VIG_HLZ,5VIG_HLZ,Flavivirus envelope (E),12825,6,24,100,1
5W0K_HLA,5W0K,HL,A,97|98|99|100|101|102|103|104|105,ARGLLPFDY,5W0K_HLA,5W0K_HLA,Other,38099,6,24,655,0
5X2Q_HLA,5X2Q,HL,A,97|98|99|100|101|102|103|104|105|106|107|108|109|110|111|112|113,ARSGRGAPTTTTAWFTY,5X2Q_HLA,5X2O_HLA,Other,5081,6,24,441,0
6AJ9_HLC,6AJ9,HL,C,97|98|99|100|101|102|103|104|105|106|107|108|109,ARGTFGNYASFAY,6AJ9_HLC,6AJ9_HLC,Other,8990,6,24,234,1
6E1K_DCB,6E1K,D,CB,97|98|99|100|101|102|103|104|105|106|107|108|109|110|111|112|113,ARSYWYWRTSTLGGIDY,6E1K_FEA,6E1K_FEA,Other,5497,6,24,782,0
6E62_HLP,6E62,HL,P,93|94|95|96|97|98|99|100|100|100|101|102,TRDLRMSDYFDY,6E63_HLP,6E62_HLP,Other,14681,6,24,137,0
6EJM_HB,6EJM,H,B,135|136|137|138|139|140|141|142|143,ASLTAVGDY,6EJM_HB,6EJM_HB,Other,34492,6,24,91,0
6FLA_HLI,6FLA,HL,I,97|98|99|100|101|102|103|104|105|106,ARKGGFAMDY,6FLC_HLG,6FLA_HLI,Flavivirus envelope (E),3452,6,24,99,1
6FLB_HLG,6FLB,HL,G,97|98|99|100|101|102|103|104|105|106,ARKGGFAMDY,6FLC_HLG,6FLA_HLI,Flavivirus envelope (E),10840,6,24,100,1
6FY1_HLG,6FY1,HL,G,93|94|95|96|97|98|99|100|100|100|100|100|100|100|101|102,ARHGRGVREVINAFDI,3U4E_HLG,6FY1_HLG,Other,44613,6,24,122,0
6G8R_AB,6G8R,A,B,97|98|99|100|101|102|103|104|105|106|107|108,ARTSIYYYYMDY,6G8R_AB,6G8R_AB,Other,3292,6,24,177,0
6GJU_CA,6GJU,C,A,96|97|98|99|100|101|102|103|104|105|106|107|108|109,NADVRTRWYASNNY,6GJU_CA,6GJU_CA,Other,12358,6,24,190,0
6GK4_BA,6GK4,B,A,96|97|98|99|100|101|102|103|104|105|106|107|108|109|110|111|112,HAEITEQSRPFYLTDDY,6GKD_KI,6GK4_BA,Other,8966,6,24,247,0
6GLW_HLA,6GLW,HL,A,97|98|99|100|101|102|103|104|105|106|107|108|109|110|111|112,AKDRNLGYRLGYPYDY,6GLX_HLA,6GLW_HLA,Other,11129,6,24,139,0
6HGA_HLB,6HGA,HL,B,98|99|100|101|102|103|104|105|106|107|108,ARSPMNTWGDY,6HGA_HLB,6HGA_HLB,Other,24153,6,24,263,0
6HHC_HLA,6HHC,HL,A,97|98|99|100|101|102|103|104|105|106|107|108|109,TRGGPYYYYGMDV,6HHC_HLA,6HHC_HLA,Serine protease,10379,6,24,236,0
6HX4_HLB,6HX4,HL,B,93|94|95|96|97|98|99|100|100|100|100|100|100|100|100|100|101|102,SRAEFITTATWGVYAMDY,6HX4_HLB,6HX4_HLB,Other,11704,6,24,371,0
6HXW_HLA,6HXW,HL,A,97|98|99|100|101|102|103|104|105|106|107|108|109,ARGYNNYKAWFAY,6HXW_HLA,6HXW_HLA,Other,12514,6,24,523,0
6IEB_HLA,6IEB,HL,A,96|97|98|99|100|101|102|103|104|105|106|107,ARSDYGDLIFDY,6IEC_HLA,6IEB_HLA,Other,18940,6,24,315,0
6IW2_KLJ,6IW2,KL,J,97|98|99|100|101|102|103|104|105|106|107|108|109|110|111|112|113,AREYRDDTNYYYYSLDV,6IVZ_HLA,6IW2_KLJ,Flavivirus envelope (E),13599,6,24,392,0
6J11_HLA,6J11,HL,A,97|98|99|100|101|102|103|104|105|106|107|108|109,ARYGNYPSYAMDY,6J11_HLA,6J11_HLA,Other,13559,6,24,336,0
6KN9_EB,6KN9,E,B,97|98|99|100|101|102|103|104|105|106|107|108|109|110|111|112,ARSSFSHGYGWYGLDY,6KN9_FC,6KN9_EB,Other,23025,6,24,328,0
6KNM_AB,6KNM,A,B,110|111|112|113|114|115|116|117|118,KWNMKDSGS,6KNM_AB,6KNM_AB,Other,35411,6,24,1037,0
6KZ0_KLJ,6KZ0,KL,J,99|100|101|102|103|104|105|106|107|108|109|110|111|112|113,ARAGQGGVVGNYLDY,6KZ0_KLJ,6KZ0_KLJ,Other,4412,6,24,181,1
6LGW_CF,6LGW,C,F,97|98|99|100|101|102|103|104|105|106|107|108,ARRNYDGSWFAY,6LGW_AE,6LGW_CF,Other,25731,6,24,397,0
6LZ9_HLB,6LZ9,HL,B,93|94|95|96|97|98|99|100|100|100|100|100|100|101|102,TRDGGLLFAYYAMDY,6LZ9_HLB,6LZ9_HLB,Serine protease,16241,6,24,232,0
6MLK_HLA,6MLK,HL,A,98|99|100|101|102|103|104|105|106|107|108|109|110|111,ARGLGYSGSYYAPN,6MLK_HLA,7M7B_HLA,Other,14153,6,24,264,0
6MLM_KLH,6MLM,KL,H,93|94|95|96|97|98|99|100|100|100|100|100|100|100|100|101|102,ARDMPYYHDSGGPLFDL,6II8_HLC,6MLM_KLH,Influenza hemagglutinin,9313,6,24,323,1
6MVL_HLA,6MVL,HL,A,97|98|99|100|101|102|103|104|105|106|107|108|109|110|111|112,AKVPGYSGGWIDAEDD,6MVL_HLA,6MVL_HLA,Other,4563,6,24,147,0
6N5B_HLB,6N5B,HL,B,93|94|95|96|97|98|99|100|101|102|103|104|105|106|107,TRNYYYGSLPVWFAY,6N5B_HLB,6N5B_HLB,Influenza hemagglutinin,8389,6,24,221,0
6OQ6_DA,6OQ6,D,A,97|98|99|100|101|102|103|104|105|106|107|108|109|110|111|112|113|114|115|116,ARRRFSASSVNRWLADDYDV,6OQ6_DA,6OQ6_DA,Other,19485,6,24,342,0
6OSH_HLK,6OSH,HL,K,95|96|97|98|99|100|101|102|103,ARDWTSLNI,6OSH_HLK,6OSH_HLK,Other,9373,6,24,81,0
6PLK_HLE,6PLK,HL,E,93|94|95|96|97|98|99|100|100|100|100|100|100|101|102,AKDRLSRGVGELYDS,5VIG_HLZ,6PLK_HLE,Flavivirus envelope (E),6489,6,24,103,1
6QX4_CA,6QX4,C,A,96|97|98|99|100|101|102|103|104|105|106|107|108,HADFSTGWAPYDY,6QX4_DA,6QX4_CA,Other,24013,6,24,593,0
6QX4_DA,6QX4,D,A,96|97|98|99|100|101|102|103|104|105|106|107|108|109|110|111|112|113,ATEGKYGRTWYGQLEYHY,6QX4_DA,6QX4_DA,Other,4352,6,24,593,1
6QX4_HB,6QX4,H,B,96|97|98|99|100|101|102|103|104|105|106|107|108|109|110|111|112|113,ATEGKYGRTWYGQLEYHY,6QX4_DA,6QX4_DA,Other,5660,6,24,593,1
6SNI_HLX,6SNI,HL,X,96|97|98|99|100|101|102|103|104|105|106|107|108|109|110|111,AREYWSWYSYSYGIDY,6SNI_HLX,6SNI_HLX,Other,11749,6,24,507,0
6TOU_AG,6TOU,A,G,93|94|95|96|97|98|99|100|100|100|100|100|100|100|101|102,ARGTYSDFWSGSPLDY,6TOU_AG,6TOU_AG,Other,22607,6,24,215,0
6TYL_DA,6TYL,D,A,97|98|99|100|101|102|103|104|105|106|107|108|109|110|111|112|113,ARTSRASVTTRVADFGY,6TYL_IF,6TYL_IF,Other,9421,6,24,491,0
6UI1_BA,6UI1,B,A,96|97|98|99|100|101|102|103,RLYGSGDY,6UI1_CA,6UI1_BA,Other,20200,6,24,866,0
6V4N_HLN,6V4N,HL,N,93|94|95|96|97|98|99|100|100|100|100|100|100|100|100|100|100|101|102,ARGDYSGYDRDVQVELMDV,6V4O_HLN,6V4N_HLN,Other,23541,6,24,390,0
6VJA_HLC,6VJA,HL,C,93|94|95|96|97|98|99|100|100|100|100|100|101|102,ARSTYYGGDWYFNV,6VJA_HLC,6VJA_HLC,Other,9399,6,24,165,1
6VLW_HLG,6VLW,HL,G,99|100|100|100|100|100|101|102,DYNWDFEH,6VLW_HLG,6VLW_HLG,HIV-1 env gp120,20028,6,24,170,0
6VN1_HLA,6VN1,HL,A,97|98|99|100|101|102|103|104|105|106|107|108|109|110|111|112|113|114|115|116|117,ARDITAPGAAPTPLNFYGMDV,6VN1_HLA,6VN1_HLA,Other,20961,6,24,622,0
6VRQ_HLA,6VRQ,HL,A,93|94|95|96|97|98|99|100|100|100|101|102,AKKFMPTGFFDY,6VRQ_HLA,6VRQ_HLA,TCR beta,3926,6,24,222,1
6VVU_HLA,6VVU,HL,A,93|94|95|96|97|98|99|100|100|100|100|100|100|100|101|102,ARDPRGYGAALDRLDL,6VVU_HLA,6VVU_HLA,Serine protease,9632,6,24,248,0
6VY5_HLA,6VY5,HL,A,97|98|99|100|101|102|103|104|105|106|107|108|109|110|111|112|113|114|115|116,AKDGFVGQQLMRRGPWWFDP,6VY5_HLA,6VY5_HLA,Other,17954,6,24,417,0
6WIT_HLI,6WIT,HL,I,93|94|95|96|97|98|99|100|100|100|100|100|100|100|100|100|100|100|100|100|101|102,ATDHREDGPTYFSGVQWVPFRF,6WIT_HLI,6WIT_HLI,Other,19188,6,24,122,0
6WMW_HLB,6WMW,HL,B,97|98|99|100|101|102|103|104|105|106|107,ARRYGPEDIDY,6WMW_HLB,6WMW_HLB,Other,10025,6,24,192,0
6WO3_HLE,6WO3,HL,E,93|94|95|96|97|98|99|100|100|100|100|100|100|100|100|100|100|101|102,AREVNLKTWNLAHPNVFDV,6WO3_HLE,6WO3_HLE,Other,4902,6,24,223,0
6WVZ_HLM,6WVZ,HL,M,97|98|99|100|101|102|103|104|105|106|107|108,ARDLRGTNYFDY,6WVZ_HLM,4LIQ_HLE,Other,34048,6,24,526,0
6XQW_HLE,6XQW,HL,E,93|94|95|96|97|98|99|100|100|100|100|100|101|102,ARGPQQHLEPPFDY,6XQW_HLE,6XQW_HLE,Other,14289,6,24,89,0
6Z06_HLA,6Z06,HL,A,97|98|99|100|101|102|103|104|105|106,TRDRLGPFDY,6Z06_HLA,6Z06_HLA,Other,17234,6,24,434,0
7A6O_BA,7A6O,B,A,98|99|100|101|102|103|104|105|106|107|108|109|110|111|112|113|114|115|116|117|118,AAAGVRAEDGRVRTLPSEYTF,1OAK_HLA,7EOW_BA,Other,13483,6,24,205,0
7AMS_HLB,7AMS,HL,B,97|98|99|100|101|102|103|104|105|106|107|108|109|110|111|112|113,ARGNGYNFDGAYRFFDF,7AMS_HLB,7AMS_HLB,TCR beta,15097,6,24,243,1
7B5G_DC,7B5G,D,C,97|98|99|100|101|102|103|104|105|106|107|108|109|110|111,NVGSFYRGNYYGGSS,7ZRA_FC,7B5G_BA,Other,11365,6,24,130,0
7BC6_BA,7BC6,B,A,97|98|99|100|101|102|103|104|105|106|107|108,VADRRALGSPEY,7BC7_BA,7BC7_BA,Other,35453,6,24,432,0
7BQ5_HLA,7BQ5,HL,A,98|99|100|101|102|103|104|105|106|107,ARQWGNYFDH,7A3U_HLA,7BQ5_HLA,Flavivirus envelope (E),2685,6,24,406,1
7BSC_HLA,7BSC,HL,A,116|117|118|119|120|121|122|123|124|125|126|127|128,ASFYYYTSRPLVY,7BSC_HLA,7BSD_HLI,Other,11959,6,24,177,0
7C4S_HLA,7C4S,HL,A,97|98|99|100|101|102|103|104|105|106|107|108,TIPYYSNLRFAY,7C4S_HLA,7C4S_HLA,Other,16676,6,24,298,0
7CGW_HLP,7CGW,HL,P,96|97|98|99|100|101|102|103|104|105|106|107,ARAYGNYWYIDV,7CGW_HLP,7CGW_HLP,Other,30324,6,24,114,0
7CN2_GgE,7CN2,G,gE,94|95|96|97|98|99|100|101|102|103|104|105|106|107|108|109,ARVDSDSSGAFDRLDL,7CN2_JjB,7CN2_IiF,Other,43930,6,24,588,1
7CR5_HLA,7CR5,HL,A,97|98|99|100|101|102|103|104|105|106|107|108|109|110,ARETGDYSSSWYDS,7CR5_HLA,7NX6_HLE,Other,37455,6,24,125,0
7FCI_HLA,7FCI,HL,A,97|98|99|100|101|102|103|104|105|106|107|108|109|110|111,TILVYDAYYVFAMDY,7ZYI_HLA,7FCI_HLA,Other,42607,6,24,297,0
7JLK_HLB,7JLK,HL,B,93|94|95|96|97|98|99|100|100|100|100|100|100|101|102,ARGDYYGSSSAWLPY,7JLK_HLB,7JLK_HLB,TCR beta,266,6,24,214,1
7JN5_HLF,7JN5,HL,F,93|94|95|96|97|98|99|100|100|100|101|102,AGGSGISTPMDV,7JN5_HLF,8CWJ_HLG,Coronavirus spike,23146,6,24,191,0
7K7I_PQD,7K7I,P,QD,96|97|98|99|100|101|102|103|104|105|106|107|108|109,VRQYYGSSNYGMDY,7K7I_PQD,7K7I_PQD,Other,23386,6,24,222,0
7L5J_WLB,7L5J,WL,B,86|87|88|89|90|91|92|93|94|95|96|97,ARLLRYFYALDY,7L5J_WLB,7L5J_WLB,Other,21261,6,24,304,0
7LKF_HLA,7LKF,HL,A,97|98|99|100|101|102|103|104|105|106|107|108|109,TRYNDYDAFYFDY,7LKF_HLA,7LKF_HLA,Other,14438,6,24,652,0
7LUE_HLA,7LUE,HL,A,93|94|95|96|97|98|99|100|100|100|100|100|101|102,ARDVPADGVHFMDV,7LUE_HLA,7LUE_HLA,Other,18692,6,24,480,0
7M8J_HLA,7M8J,HL,A,105|106|107|108|109|110|111|112|112|113|114|115|116|117,ATGPAVRGRSWFDP,7E8F_HLA,7M8J_HLA,Coronavirus spike,23254,6,24,257,0
7MGW_BCA,7MGW,B,CA,116|117|118|119|120|121|122|123|124|125|126|127|128|129,ARSAYGSEGFAMDY,7MGW_BCA,7MGW_BCA,Other,15763,6,24,647,0
7MZK_HLA,7MZK,HL,A,97|98|99|100|101|102|103|104|105|106|107|108|109|110|111,AKDRVTIFWGNGMDV,7WVL_HLF,5IF0_HLG,Coronavirus spike,16224,6,24,195,1
7N0I_KE,7N0I,K,E,97|98|99|100|101|102|103|104|105|106|107|108|109|110|111|112|113|114|115,ATNTRWTYFSPTVPDRYDY,7N0I_LG,7N0I_KE,Other,20720,6,24,96,0
7N4I_HLC,7N4I,HL,C,97|98|99|100|101|102|103|104|105|106|107|108|109|110,ARLLYYSDSSPLDS,7WVL_HLF,7JWG_HLC,Coronavirus spike,31065,6,24,199,0
7NKS_HLA,7NKS,HL,A,99|100|101|102|103|104|105|106|107|108|109|110,ARSGSVFGVVSL,7NKS_HLA,7NKS_HLA,Other,19333,6,24,351,0
7NQK_BA,7NQK,B,A,97|98|99|100|101|102|103|104|105|106|107|108|109|110|111|112|113|114|115|116,AAARRRWTFKATNTEEFYET,7NQK_BA,7NQK_BA,Other,16117,6,24,658,0
7OR9_HLE,7OR9,HL,E,97|98|99|100|101|102|103|104|105|106|107|108|109|110|111|112,ARDGGILTGYLDYFDH,7WVL_HLF,4LIQ_HLE,Coronavirus spike,21067,6,24,195,1
7PA9_KLD,7PA9,KL,D,97|98|99|100|101|102|103|104|105|106|107|108|109|110|111|112,ARDGGGYSFGTYFFDF,7PAA_OI,7PA9_KLD,Other,18789,6,24,266,0
7QBG_GA,7QBG,G,A,128|129|130|131|132|133|134|135,VLRPEYSY,7QBG_EC,7QBG_GA,Other,21337,6,24,409,0
7QUH_HLA,7QUH,HL,A,97|98|None|100|100|100|100|100|101|102|103|104|105|106|107|None,ARYDGSSPYYYSMEYY,7QUH_HLA,7QUH_HLA,Other,20547,6,24,135,0
7RNN_CD,7RNN,C,D,101|102|103|104|105|106|107|108|109,NARYRSSYP,7RNN_CD,7RNN_CD,Other,6717,6,24,424,0
7RXJ_HLI,7RXJ,HL,I,93|94|95|96|97|98|99|100|100|100|100|100|100|100|100|101|102,ARGGSLHPSAGADWIDP,7S0X_HLE,7RXJ_HLI,Other,29041,6,24,61,0
7SA6_HLA,7SA6,HL,A,97|98|99|100|101|102|103|104|105|106|107|108|109|110|111,ARYLKYDGSTYRFDY,7SA6_HLA,7SA6_HLA,Other,12020,6,24,222,0
7SGM_HLA,7SGM,HL,A,97|98|99|100|101|102|103|104|105|106|107,TRSDGRNDMDS,7SGM_HLA,6W9G_HLA,Other,21819,6,24,143,0
7STZ_HLC,7STZ,HL,C,96|97|98|99|100|101|102|103|104|105|106|107|108,ASSNYVLGYAMDY,7STZ_HLC,7STZ_HLC,Other,50,6,24,540,1
7T87_HLA,7T87,HL,A,97|98|99|100|101|102|103|104|105|106|107|108|109|110|111|112|113,ARYGYDYDGEYYYAMDY,7T87_HLA,7T87_HLA,Other,14665,6,24,290,0
7TBF_HLA,7TBF,HL,A,100|100|100|100|101|102,FDGFDI,7WVL_HLF,7TBF_HLA,Coronavirus spike,11701,6,24,196,1
7TTX_HLA,7TTX,HL,A,93|94|95|96|97|98|99|100|100|100|100|100|100|100|100|100|100|100|100|100|101|102,ARTFPSYYDRSGYHYLNYGMDV,7WVL_HLF,7TTM_HLA,Coronavirus spike,26721,6,24,195,1
7UAR_HLB,7UAR,HL,B,97|98|99|100|101|102|103|104|105|106|107|108|109|110,ARHHIAVAQPYFDY,7T5O_HLC,7UAR_HLB,Coronavirus spike,58948,6,24,1120,0
7UPD_HLD,7UPD,HL,D,93|94|95|96|97|98|99|100|101|102,VREGGYYFDY,8DMJ_HLB,7UPD_HLD,Other,34321,6,24,448,0
7URE_HLA,7URE,HL,A,116|117|118|119|120|121|122|123|124|125|126|127,ARSYGSSHTFAY,7URA_HLA,7URA_HLA,Other,2043,6,24,453,0
7URX_HLC,7URX,HL,C,116|117|118|119|120|121|122|123|124|125|126|127|128|129|130,ARKTISSVVDFYFDY,7URX_HLC,7URX_HLC,Other,19582,6,24,255,0
7VYR_HLR,7VYR,HL,R,97|98|99|100|101|102|103|104|105|106|107,ARETEQGGMDV,7WVL_HLF,7VYR_HLR,Coronavirus spike,26400,6,24,186,1
7WPH_HLB,7WPH,HL,B,97|98|99|100|101|102|103|104|105|106|107|108|109|110,TRDRAGGTYSGFDF,7WVL_HLF,7WPH_HLB,Coronavirus spike,4715,6,24,195,1
7X2O_HLB,7X2O,HL,B,96|97|98|99|100|101|102|103|104|105|106|107|108,AKGDYYGYDAMDS,7X2I_HLB,7X2O_HLB,Other,14524,6,24,253,1
7X2W_HLC,7X2W,HL,C,97|98|99|100|101|102|103|104|105|106|107,ARRSEADRFVY,7X2W_HLC,7X2W_HLC,Other,24988,6,24,238,1
7X3D_HLB,7X3D,HL,B,99|100|101|102|103|104|105|106|107|108|109|110|111|112|113|114,ARSRYYGGTYRYALDY,7X2I_HLB,7X3E_HLB,Other,4924,6,24,252,1
7X4I_HA,7X4I,H,A,96|97|98|99|100|101|102|103|104|105|106|107|108|109|110|111|112,AAGLWYGRSLNSFDYDY,7WVL_HLF,7X4I_HA,Coronavirus spike,14096,6,24,194,1
7YCL_HLD,7YCL,HL,D,93|94|95|96|97|98|99|100|100|100|100|100|100|101|102,ARGRNYLDSRGRFDY,7WVL_HLF,7YCL_HLD,Coronavirus spike,16153,6,24,194,1
7YRU_HLA,7YRU,HL,A,97|98|99|100|101|102|103|104|105|106|107|108|109|110,AAAISTPFYWYFDF,7YRU_HLA,7YRU_HLA,Other,18725,6,24,78,0
7ZRA_FC,7ZRA,F,C,96|97|98|99|100|101|102|103|104|105|106|107|108|109|110|111,KARIEPDSSWGTEYEY,7ZRA_FC,6QX4_CA,Other,248,6,24,129,1
8ATH_HLA,8ATH,HL,A,97|98|99|100|101|102|103|104|105|106|107,VRANWDVAFAY,8ATH_HLA,8ATH_HLA,Other,14026,6,24,168,0
8CYH_HLM,8CYH,HL,M,97|98|99|100|101|102|103|104|105|106|107|108,AKRGAAVGSFDY,8CYH_HLM,8CYH_HLM,Other,1351,6,24,295,1
8CZ5_HLA,8CZ5,HL,A,97|98|99|100|101|102|103|104|105|106|107|108|109|110|111,TRYDYGEGSGPQFTY,8CZ5_HLA,8CZ5_HLA,Other,9330,6,24,333,0
8DT3_HLC,8DT3,HL,C,97|98|99|100|101|102|103|104|105|106|107|108|109|110,ARGFIATVEETMDY,8DT3_HLC,8DT3_HLC,Coronavirus spike,30413,6,24,258,0
8DWO_HLB,8DWO,HL,B,93|94|95|96|97|98|99|100|100|100|100|100|100|101|102,ARSVWSGYYIGWFDV,8DWO_HLB,8DWO_HLB,Other,28316,6,24,346,0
8E8Y_HL1,8E8Y,HL,1,116|117|118|119|120|121|122|123|124|125|126|127|128|129|130|131|132|133|134|135|136|137,ATASRPSAWVFRSLYTYYYMDV,8E8S_HL1,8E8X_HL1,Other,45289,6,24,277,0
8EMZ_BA,8EMZ,B,A,97|98|99|100|101|102|103|104|105|106|107|108|109|110|111|112|113|114|115|116|117,AAAREGAYYPDSYYRTVRYDY,8EMZ_BA,8EMZ_BA,Other,20599,6,24,305,0
8IDN_HLA,8IDN,HL,A,115|116|117|118|119|120|121|122|123|124|125|126,VRDDDYDGQFAY,7WVL_HLF,8IDN_HLA,Coronavirus spike,26024,6,24,195,1
